JPS1917|Numbers 8:1|c1,Numbers 8:1,Beha'alotcha,"And the LORD spoke unto {{c1::Moses}}, saying:",Torah::Numbers::Beha'alotcha Type::AutoCloze
JPS1917|Numbers 8:1|c2,Numbers 8:1,Beha'alotcha,"And the LORD spoke unto Moses, {{c1::saying}}:",Torah::Numbers::Beha'alotcha Type::AutoCloze
JPS1917|Numbers 8:2|c1,Numbers 8:2,Beha'alotcha,"’Speak unto {{c1::Aaron}}, and say unto him: When thou lightest the lamps, the seven lamps shall give light in front of the candlestick.’",Torah::Numbers::Beha'alotcha Type::AutoCloze
JPS1917|Numbers 8:2|c2,Numbers 8:2,Beha'alotcha,"’Speak unto Aaron, and say unto him: When thou lightest the lamps, the seven lamps shall give light in front of the candlestick.’",Torah::Numbers::Beha'alotcha Type::AutoCloze
JPS1917|Numbers 8:3|c1,Numbers 8:3,Beha'alotcha,"And {{c1::Aaron}} did so: he lighted the lamps thereof so as to give light in front of the candlestick, as the LORD commanded Moses.",Torah::Numbers::Beha'alotcha Type::AutoCloze
JPS1917|Numbers 8:3|c2,Numbers 8:3,Beha'alotcha,"And Aaron did so: he lighted the lamps thereof so as to give light in front of the candlestick, as the LORD commanded {{c1::Moses}}.",Torah::Numbers::Beha'alotcha Type::AutoCloze
JPS1917|Numbers 8:4|c1,Numbers 8:4,Beha'alotcha,"And this was the work of the candlestick, beaten work of gold; unto the base thereof, and unto the flowers thereof, it was beaten work; according unto the pattern which the LORD had shown {{c1::Moses}}, so he made the candlestick.",Torah::Numbers::Beha'alotcha Type::AutoCloze
JPS1917|Numbers 8:4|c2,Numbers 8:4,Beha'alotcha,"And this was the work of the {{c1::candlestick}}, beaten work of gold; unto the base thereof, and unto the flowers thereof, it was beaten work; according unto the pattern which the LORD had shown Moses, so he made the candlestick.",Torah::Numbers::Beha'alotcha Type::AutoCloze
JPS1917|Numbers 8:5|c1,Numbers 8:5,Beha'alotcha,"And the LORD spoke unto {{c1::Moses}}, saying:",Torah::Numbers::Beha'alotcha Type::AutoCloze
JPS1917|Numbers 8:5|c2,Numbers 8:5,Beha'alotcha,"And the LORD spoke unto Moses, {{c1::saying}}:",Torah::Numbers::Beha'alotcha Type::AutoCloze
JPS1917|Numbers 8:6|c1,Numbers 8:6,Beha'alotcha,"’Take the {{c1::Levites}} from among the children of Israel, and cleanse them.",Torah::Numbers::Beha'alotcha Type::AutoCloze
JPS1917|Numbers 8:6|c2,Numbers 8:6,Beha'alotcha,"’Take the Levites from among the children of {{c1::Israel}}, and cleanse them.",Torah::Numbers::Beha'alotcha Type::AutoCloze
JPS1917|Numbers 8:7|c1,Numbers 8:7,Beha'alotcha,"And thus shalt thou do unto them, to {{c1::cleanse}} them: sprinkle the water of purification upon them, and let them cause a razor to pass over all their flesh, and let them wash their clothes, and cleanse themselves.",Torah::Numbers::Beha'alotcha Type::AutoCloze
JPS1917|Numbers 8:7|c2,Numbers 8:7,Beha'alotcha,"And thus shalt thou do unto them, to cleanse them: {{c1::sprinkle}} the water of purification upon them, and let them cause a razor to pass over all their flesh, and let them wash their clothes, and cleanse themselves.",Torah::Numbers::Beha'alotcha Type::AutoCloze
JPS1917|Numbers 8:8|c1,Numbers 8:8,Beha'alotcha,"Then let them take a young {{c1::bullock}}, and its meal-offering, fine flour mingled with oil, and another young bullock shalt thou take for a sin-offering.",Torah::Numbers::Beha'alotcha Type::AutoCloze
JPS1917|Numbers 8:8|c2,Numbers 8:8,Beha'alotcha,"Then let them take a young bullock, and its meal-{{c1::offering}}, fine flour mingled with oil, and another young bullock shalt thou take for a sin-offering.",Torah::Numbers::Beha'alotcha Type::AutoCloze
JPS1917|Numbers 8:9|c1,Numbers 8:9,Beha'alotcha,And thou shalt present the {{c1::Levites}} before the tent of meeting; and thou shalt assemble the whole congregation of the children of Israel.,Torah::Numbers::Beha'alotcha Type::AutoCloze
JPS1917|Numbers 8:9|c2,Numbers 8:9,Beha'alotcha,And thou shalt present the Levites before the tent of meeting; and thou shalt assemble the whole congregation of the children of {{c1::Israel}}.,Torah::Numbers::Beha'alotcha Type::AutoCloze
JPS1917|Numbers 8:10|c1,Numbers 8:10,Beha'alotcha,And thou shalt present the {{c1::Levites}} before the LORD; and the children of Israel shall lay their hands upon the Levites.,Torah::Numbers::Beha'alotcha Type::AutoCloze
JPS1917|Numbers 8:10|c2,Numbers 8:10,Beha'alotcha,And thou shalt present the Levites before the LORD; and the children of {{c1::Israel}} shall lay their hands upon the Levites.,Torah::Numbers::Beha'alotcha Type::AutoCloze
JPS1917|Numbers 8:11|c1,Numbers 8:11,Beha'alotcha,"And {{c1::Aaron}} shall offer the Levites before the LORD for a wave-offering from the children of Israel, that they may be to do the service of the LORD.",Torah::Numbers::Beha'alotcha Type::AutoCloze
JPS1917|Numbers 8:11|c2,Numbers 8:11,Beha'alotcha,"And Aaron shall offer the {{c1::Levites}} before the LORD for a wave-offering from the children of Israel, that they may be to do the service of the LORD.",Torah::Numbers::Beha'alotcha Type::AutoCloze
JPS1917|Numbers 8:12|c1,Numbers 8:12,Beha'alotcha,"And the {{c1::Levites}} shall lay their hands upon the heads of the bullocks; and offer thou the one for a sin-offering, and the other for a burnt-offering, unto the LORD, to make atonement for the Levites.",Torah::Numbers::Beha'alotcha Type::AutoCloze
JPS1917|Numbers 8:12|c2,Numbers 8:12,Beha'alotcha,"And the Levites shall lay their hands upon the heads of the {{c1::bullocks}}; and offer thou the one for a sin-offering, and the other for a burnt-offering, unto the LORD, to make atonement for the Levites.",Torah::Numbers::Beha'alotcha Type::AutoCloze
JPS1917|Numbers 8:13|c1,Numbers 8:13,Beha'alotcha,"And thou shalt set the {{c1::Levites}} before Aaron, and before his sons, and offer them for a wave-offering unto the LORD.",Torah::Numbers::Beha'alotcha Type::AutoCloze
JPS1917|Numbers 8:13|c2,Numbers 8:13,Beha'alotcha,"And thou shalt set the Levites before {{c1::Aaron}}, and before his sons, and offer them for a wave-offering unto the LORD.",Torah::Numbers::Beha'alotcha Type::AutoCloze
JPS1917|Numbers 8:14|c1,Numbers 8:14,Beha'alotcha,Thus shalt thou separate the {{c1::Levites}} from among the children of Israel; and the Levites shall be Mine.,Torah::Numbers::Beha'alotcha Type::AutoCloze
JPS1917|Numbers 8:14|c2,Numbers 8:14,Beha'alotcha,Thus shalt thou separate the Levites from among the children of {{c1::Israel}}; and the Levites shall be Mine.,Torah::Numbers::Beha'alotcha Type::AutoCloze
JPS1917|Numbers 8:15|c1,Numbers 8:15,Beha'alotcha,"And after that shall the {{c1::Levites}} go in to do the service of the tent of meeting; and thou shalt cleanse them, and offer them for a wave-offering.",Torah::Numbers::Beha'alotcha Type::AutoCloze
JPS1917|Numbers 8:15|c2,Numbers 8:15,Beha'alotcha,"And after that shall the Levites go in to do the {{c1::service}} of the tent of meeting; and thou shalt cleanse them, and offer them for a wave-offering.",Torah::Numbers::Beha'alotcha Type::AutoCloze
JPS1917|Numbers 8:16|c1,Numbers 8:16,Beha'alotcha,"For they are wholly given unto {{c1::Me}} from among the children of Israel; instead of all that openeth the womb, even the first-born of all the children of Israel, have I taken them unto Me.",Torah::Numbers::Beha'alotcha Type::AutoCloze
JPS1917|Numbers 8:16|c2,Numbers 8:16,Beha'alotcha,"For they are wholly given unto Me from among the children of {{c1::Israel}}; instead of all that openeth the womb, even the first-born of all the children of Israel, have I taken them unto Me.",Torah::Numbers::Beha'alotcha Type::AutoCloze
JPS1917|Numbers 8:17|c1,Numbers 8:17,Beha'alotcha,"For all the first-born among the children of {{c1::Israel}} are Mine, both man and beast; on the day that I smote all the first-born in the land of Egypt I sanctified them for Myself.",Torah::Numbers::Beha'alotcha Type::AutoCloze
JPS1917|Numbers 8:17|c2,Numbers 8:17,Beha'alotcha,"For all the first-born among the children of Israel are {{c1::Mine}}, both man and beast; on the day that I smote all the first-born in the land of Egypt I sanctified them for Myself.",Torah::Numbers::Beha'alotcha Type::AutoCloze
JPS1917|Numbers 8:18|c1,Numbers 8:18,Beha'alotcha,And {{c1::I}} have taken the Levites instead of all the first-born among the children of Israel.,Torah::Numbers::Beha'alotcha Type::AutoCloze
JPS1917|Numbers 8:18|c2,Numbers 8:18,Beha'alotcha,And I have taken the {{c1::Levites}} instead of all the first-born among the children of Israel.,Torah::Numbers::Beha'alotcha Type::AutoCloze
JPS1917|Numbers 8:19|c1,Numbers 8:19,Beha'alotcha,"And {{c1::I}} have given the Levites— they are given to Aaron and to his sons from among the children of Israel, to do the service of the children of Israel in the tent of meeting, and to make atonement for the children of Israel, that there be no plague among the children of Israel, through the children of Israel coming nigh unto the sanctuary.’",Torah::Numbers::Beha'alotcha Type::AutoCloze
JPS1917|Numbers 8:19|c2,Numbers 8:19,Beha'alotcha,"And I have given the {{c1::Levites}}— they are given to Aaron and to his sons from among the children of Israel, to do the service of the children of Israel in the tent of meeting, and to make atonement for the children of Israel, that there be no plague among the children of Israel, through the children of Israel coming nigh unto the sanctuary.’",Torah::Numbers::Beha'alotcha Type::AutoCloze
JPS1917|Numbers 8:20|c1,Numbers 8:20,Beha'alotcha,"Thus did {{c1::Moses}}, and Aaron, and all the congregation of the children of Israel, unto the Levites; according unto all that the LORD commanded Moses touching the Levites, so did the children of Israel unto them.",Torah::Numbers::Beha'alotcha Type::AutoCloze
JPS1917|Numbers 8:20|c2,Numbers 8:20,Beha'alotcha,"Thus did Moses, and {{c1::Aaron}}, and all the congregation of the children of Israel, unto the Levites; according unto all that the LORD commanded Moses touching the Levites, so did the children of Israel unto them.",Torah::Numbers::Beha'alotcha Type::AutoCloze
JPS1917|Numbers 8:21|c1,Numbers 8:21,Beha'alotcha,"And the {{c1::Levites}} purified themselves, and they washed their clothes; and Aaron offered them for a sacred gift before the LORD; and Aaron made atonement for them to cleanse them.",Torah::Numbers::Beha'alotcha Type::AutoCloze
JPS1917|Numbers 8:21|c2,Numbers 8:21,Beha'alotcha,"And the Levites purified themselves, and they washed their clothes; and {{c1::Aaron}} offered them for a sacred gift before the LORD; and Aaron made atonement for them to cleanse them.",Torah::Numbers::Beha'alotcha Type::AutoCloze
JPS1917|Numbers 8:22|c1,Numbers 8:22,Beha'alotcha,"And after that went the {{c1::Levites}} in to do their service in the tent of meeting before Aaron, and before his sons; as the LORD had commanded Moses concerning the Levites, so did they unto them.",Torah::Numbers::Beha'alotcha Type::AutoCloze
JPS1917|Numbers 8:22|c2,Numbers 8:22,Beha'alotcha,"And after that went the Levites in to do their service in the tent of meeting before {{c1::Aaron}}, and before his sons; as the LORD had commanded Moses concerning the Levites, so did they unto them.",Torah::Numbers::Beha'alotcha Type::AutoCloze
JPS1917|Numbers 8:23|c1,Numbers 8:23,Beha'alotcha,"And the LORD spoke unto {{c1::Moses}}, saying:",Torah::Numbers::Beha'alotcha Type::AutoCloze
JPS1917|Numbers 8:23|c2,Numbers 8:23,Beha'alotcha,"And the LORD spoke unto Moses, {{c1::saying}}:",Torah::Numbers::Beha'alotcha Type::AutoCloze
JPS1917|Numbers 8:24|c1,Numbers 8:24,Beha'alotcha,’This is that which pertaineth unto the {{c1::Levites}}: from twenty and five years old and upward they shall go in to perform the service in the work of the tent of meeting;,Torah::Numbers::Beha'alotcha Type::AutoCloze
JPS1917|Numbers 8:24|c2,Numbers 8:24,Beha'alotcha,’This is that which {{c1::pertaineth}} unto the Levites: from twenty and five years old and upward they shall go in to perform the service in the work of the tent of meeting;,Torah::Numbers::Beha'alotcha Type::AutoCloze
JPS1917|Numbers 8:25|c1,Numbers 8:25,Beha'alotcha,"and from the age of fifty years they shall {{c1::return}} from the service of the work, and shall serve no more;",Torah::Numbers::Beha'alotcha Type::AutoCloze
JPS1917|Numbers 8:25|c2,Numbers 8:25,Beha'alotcha,"and from the age of fifty years they shall return from the {{c1::service}} of the work, and shall serve no more;",Torah::Numbers::Beha'alotcha Type::AutoCloze
JPS1917|Numbers 8:26|c1,Numbers 8:26,Beha'alotcha,"but shall minister with their brethren in the tent of meeting, to keep the charge, but they shall do no manner of service. {{c1::Thus}} shalt thou do unto the Levites touching their charges.’",Torah::Numbers::Beha'alotcha Type::AutoCloze
JPS1917|Numbers 8:26|c2,Numbers 8:26,Beha'alotcha,"but shall minister with their brethren in the tent of meeting, to keep the charge, but they shall do no manner of service. Thus shalt thou do unto the {{c1::Levites}} touching their charges.’",Torah::Numbers::Beha'alotcha Type::AutoCloze
JPS1917|Numbers 9:1|c1,Numbers 9:1,Beha'alotcha,"And the LORD spoke unto {{c1::Moses}} in the wilderness of Sinai, in the first month of the second year after they were come out of the land of Egypt, saying:",Torah::Numbers::Beha'alotcha Type::AutoCloze
JPS1917|Numbers 9:1|c2,Numbers 9:1,Beha'alotcha,"And the LORD spoke unto Moses in the wilderness of {{c1::Sinai}}, in the first month of the second year after they were come out of the land of Egypt, saying:",Torah::Numbers::Beha'alotcha Type::AutoCloze
JPS1917|Numbers 9:2|c1,Numbers 9:2,Beha'alotcha,’Let the children of {{c1::Israel}} keep the passover in its appointed season.,Torah::Numbers::Beha'alotcha Type::AutoCloze
JPS1917|Numbers 9:2|c2,Numbers 9:2,Beha'alotcha,’Let the {{c1::children}} of Israel keep the passover in its appointed season.,Torah::Numbers::Beha'alotcha Type::AutoCloze
JPS1917|Numbers 9:3|c1,Numbers 9:3,Beha'alotcha,"In the {{c1::fourteenth}} day of this month, at dusk, ye shall keep it in its appointed season; according to all the statutes of it, and according to all the ordinances thereof, shall ye keep it.’",Torah::Numbers::Beha'alotcha Type::AutoCloze
JPS1917|Numbers 9:3|c2,Numbers 9:3,Beha'alotcha,"In the fourteenth day of this month, at dusk, ye shall keep it in its {{c1::appointed}} season; according to all the statutes of it, and according to all the ordinances thereof, shall ye keep it.’",Torah::Numbers::Beha'alotcha Type::AutoCloze
JPS1917|Numbers 9:4|c1,Numbers 9:4,Beha'alotcha,"And {{c1::Moses}} spoke unto the children of Israel, that they should keep the passover.",Torah::Numbers::Beha'alotcha Type::AutoCloze
JPS1917|Numbers 9:4|c2,Numbers 9:4,Beha'alotcha,"And Moses spoke unto the children of {{c1::Israel}}, that they should keep the passover.",Torah::Numbers::Beha'alotcha Type::AutoCloze
JPS1917|Numbers 9:5|c1,Numbers 9:5,Beha'alotcha,"And they kept the passover in the first month, on the fourteenth day of the month, at dusk, in the wilderness of {{c1::Sinai}}; according to all that the LORD commanded Moses, so did the children of Israel.",Torah::Numbers::Beha'alotcha Type::AutoCloze
JPS1917|Numbers 9:5|c2,Numbers 9:5,Beha'alotcha,"And they kept the passover in the first month, on the fourteenth day of the month, at dusk, in the wilderness of Sinai; according to all that the LORD commanded {{c1::Moses}}, so did the children of Israel.",Torah::Numbers::Beha'alotcha Type::AutoCloze
JPS1917|Numbers 9:6|c1,Numbers 9:6,Beha'alotcha,"But there were certain men, who were unclean by the dead body of a man, so that they could not keep the passover on that day; and they came before {{c1::Moses}} and before Aaron on that day.",Torah::Numbers::Beha'alotcha Type::AutoCloze
JPS1917|Numbers 9:6|c2,Numbers 9:6,Beha'alotcha,"But there were certain men, who were unclean by the dead body of a man, so that they could not keep the passover on that day; and they came before Moses and before {{c1::Aaron}} on that day.",Torah::Numbers::Beha'alotcha Type::AutoCloze
JPS1917|Numbers 9:7|c1,Numbers 9:7,Beha'alotcha,"And those men said unto him: ‘{{c1::We}} are unclean by the dead body of a man; wherefore are we to be kept back, so as not to bring the offering of the LORD in its appointed season among the children of Israel?’",Torah::Numbers::Beha'alotcha Type::AutoCloze
JPS1917|Numbers 9:7|c2,Numbers 9:7,Beha'alotcha,"And those men said unto him: ‘We are unclean by the dead body of a man; wherefore are we to be kept back, so as not to bring the offering of the LORD in its appointed season among the children of {{c1::Israel}}?’",Torah::Numbers::Beha'alotcha Type::AutoCloze
JPS1917|Numbers 9:8|c1,Numbers 9:8,Beha'alotcha,"And {{c1::Moses}} said unto them: ‘Stay ye, that I may hear what the LORD will command concerning you.’",Torah::Numbers::Beha'alotcha Type::AutoCloze
JPS1917|Numbers 9:8|c2,Numbers 9:8,Beha'alotcha,"And Moses said unto them: ‘{{c1::Stay}} ye, that I may hear what the LORD will command concerning you.’",Torah::Numbers::Beha'alotcha Type::AutoCloze
JPS1917|Numbers 9:9|c1,Numbers 9:9,Beha'alotcha,"And the LORD spoke unto {{c1::Moses}}, saying:",Torah::Numbers::Beha'alotcha Type::AutoCloze
JPS1917|Numbers 9:9|c2,Numbers 9:9,Beha'alotcha,"And the LORD spoke unto Moses, {{c1::saying}}:",Torah::Numbers::Beha'alotcha Type::AutoCloze
JPS1917|Numbers 9:10|c1,Numbers 9:10,Beha'alotcha,"’Speak unto the children of {{c1::Israel}}, saying: If any man of you or of your generations shall be unclean by reason of a dead body, or be in a journey afar off, yet he shall keep the passover unto the LORD;",Torah::Numbers::Beha'alotcha Type::AutoCloze
JPS1917|Numbers 9:10|c2,Numbers 9:10,Beha'alotcha,"’Speak unto the children of Israel, saying: {{c1::If}} any man of you or of your generations shall be unclean by reason of a dead body, or be in a journey afar off, yet he shall keep the passover unto the LORD;",Torah::Numbers::Beha'alotcha Type::AutoCloze
JPS1917|Numbers 9:11|c1,Numbers 9:11,Beha'alotcha,in the {{c1::second}} month on the fourteenth day at dusk they shall keep it; they shall eat it with unleavened bread and bitter herbs;,Torah::Numbers::Beha'alotcha Type::AutoCloze
JPS1917|Numbers 9:11|c2,Numbers 9:11,Beha'alotcha,in the second month on the {{c1::fourteenth}} day at dusk they shall keep it; they shall eat it with unleavened bread and bitter herbs;,Torah::Numbers::Beha'alotcha Type::AutoCloze
JPS1917|Numbers 9:12|c1,Numbers 9:12,Beha'alotcha,"they shall leave none of it unto the {{c1::morning}}, nor break a bone thereof; according to all the statute of the passover they shall keep it.",Torah::Numbers::Beha'alotcha Type::AutoCloze
JPS1917|Numbers 9:12|c2,Numbers 9:12,Beha'alotcha,"they shall leave none of it unto the morning, nor break a bone {{c1::thereof}}; according to all the statute of the passover they shall keep it.",Torah::Numbers::Beha'alotcha Type::AutoCloze
JPS1917|Numbers 9:13|c1,Numbers 9:13,Beha'alotcha,"But the man that is clean, and is not on a {{c1::journey}}, and forbeareth to keep the passover, that soul shall be cut off from his people; because he brought not the offering of the LORD in its appointed season, that man shall bear his sin.",Torah::Numbers::Beha'alotcha Type::AutoCloze
JPS1917|Numbers 9:13|c2,Numbers 9:13,Beha'alotcha,"But the man that is clean, and is not on a journey, and {{c1::forbeareth}} to keep the passover, that soul shall be cut off from his people; because he brought not the offering of the LORD in its appointed season, that man shall bear his sin.",Torah::Numbers::Beha'alotcha Type::AutoCloze
JPS1917|Numbers 9:14|c1,Numbers 9:14,Beha'alotcha,"And if a {{c1::stranger}} shall sojourn among you, and will keep the passover unto the LORD: according to the statute of the passover, and according to the ordinance thereof, so shall he do; ye shall have one statute, both for the stranger, and for him that is born in the land.’",Torah::Numbers::Beha'alotcha Type::AutoCloze
JPS1917|Numbers 9:14|c2,Numbers 9:14,Beha'alotcha,"And if a stranger shall {{c1::sojourn}} among you, and will keep the passover unto the LORD: according to the statute of the passover, and according to the ordinance thereof, so shall he do; ye shall have one statute, both for the stranger, and for him that is born in the land.’",Torah::Numbers::Beha'alotcha Type::AutoCloze
JPS1917|Numbers 9:15|c1,Numbers 9:15,Beha'alotcha,"And on the day that the {{c1::tabernacle}} was reared up the cloud covered the tabernacle, even the tent of the testimony; and at even there was upon the tabernacle as it were the appearance of fire, until morning.",Torah::Numbers::Beha'alotcha Type::AutoCloze
JPS1917|Numbers 9:15|c2,Numbers 9:15,Beha'alotcha,"And on the day that the tabernacle was {{c1::reared}} up the cloud covered the tabernacle, even the tent of the testimony; and at even there was upon the tabernacle as it were the appearance of fire, until morning.",Torah::Numbers::Beha'alotcha Type::AutoCloze
JPS1917|Numbers 9:16|c1,Numbers 9:16,Beha'alotcha,"So it was alway: the cloud {{c1::covered}} it, and the appearance of fire by night.",Torah::Numbers::Beha'alotcha Type::AutoCloze
JPS1917|Numbers 9:16|c2,Numbers 9:16,Beha'alotcha,"So it was alway: the cloud covered it, and the {{c1::appearance}} of fire by night.",Torah::Numbers::Beha'alotcha Type::AutoCloze
JPS1917|Numbers 9:17|c1,Numbers 9:17,Beha'alotcha,"And whenever the cloud was taken up from over the {{c1::Tent}}, then after that the children of Israel journeyed; and in the place where the cloud abode, there the children of Israel encamped.",Torah::Numbers::Beha'alotcha Type::AutoCloze
JPS1917|Numbers 9:17|c2,Numbers 9:17,Beha'alotcha,"And whenever the cloud was taken up from over the Tent, then after that the children of {{c1::Israel}} journeyed; and in the place where the cloud abode, there the children of Israel encamped.",Torah::Numbers::Beha'alotcha Type::AutoCloze
JPS1917|Numbers 9:18|c1,Numbers 9:18,Beha'alotcha,"At the commandment of the LORD the children of {{c1::Israel}} journeyed, and at the commandment of the LORD they encamped: as long as the cloud abode upon the tabernacle they remained encamped.",Torah::Numbers::Beha'alotcha Type::AutoCloze
JPS1917|Numbers 9:18|c2,Numbers 9:18,Beha'alotcha,"At the {{c1::commandment}} of the LORD the children of Israel journeyed, and at the commandment of the LORD they encamped: as long as the cloud abode upon the tabernacle they remained encamped.",Torah::Numbers::Beha'alotcha Type::AutoCloze
JPS1917|Numbers 9:19|c1,Numbers 9:19,Beha'alotcha,"And when the cloud tarried upon the tabernacle many days, then the children of {{c1::Israel}} kept the charge of the LORD, and journeyed not.",Torah::Numbers::Beha'alotcha Type::AutoCloze
JPS1917|Numbers 9:19|c2,Numbers 9:19,Beha'alotcha,"And when the cloud {{c1::tarried}} upon the tabernacle many days, then the children of Israel kept the charge of the LORD, and journeyed not.",Torah::Numbers::Beha'alotcha Type::AutoCloze
JPS1917|Numbers 9:20|c1,Numbers 9:20,Beha'alotcha,"And {{c1::sometimes}} the cloud was a few days upon the tabernacle; according to the commandment of the LORD they remained encamped, and according to the commandment of the LORD they journeyed.",Torah::Numbers::Beha'alotcha Type::AutoCloze
JPS1917|Numbers 9:20|c2,Numbers 9:20,Beha'alotcha,"And sometimes the cloud was a few days upon the {{c1::tabernacle}}; according to the commandment of the LORD they remained encamped, and according to the commandment of the LORD they journeyed.",Torah::Numbers::Beha'alotcha Type::AutoCloze
JPS1917|Numbers 9:21|c1,Numbers 9:21,Beha'alotcha,"And {{c1::sometimes}} the cloud was from evening until morning; and when the cloud was taken up in the morning, they journeyed; or if it continued by day and by night, when the cloud was taken up, they journeyed.",Torah::Numbers::Beha'alotcha Type::AutoCloze
JPS1917|Numbers 9:21|c2,Numbers 9:21,Beha'alotcha,"And sometimes the cloud was from {{c1::evening}} until morning; and when the cloud was taken up in the morning, they journeyed; or if it continued by day and by night, when the cloud was taken up, they journeyed.",Torah::Numbers::Beha'alotcha Type::AutoCloze
JPS1917|Numbers 9:22|c1,Numbers 9:22,Beha'alotcha,"Whether it were two days, or a month, or a year, that the cloud tarried upon the tabernacle, abiding thereon, the children of {{c1::Israel}} remained encamped, and journeyed not; but when it was taken up, they journeyed.",Torah::Numbers::Beha'alotcha Type::AutoCloze
JPS1917|Numbers 9:22|c2,Numbers 9:22,Beha'alotcha,"{{c1::Whether}} it were two days, or a month, or a year, that the cloud tarried upon the tabernacle, abiding thereon, the children of Israel remained encamped, and journeyed not; but when it was taken up, they journeyed.",Torah::Numbers::Beha'alotcha Type::AutoCloze
JPS1917|Numbers 9:23|c1,Numbers 9:23,Beha'alotcha,"At the commandment of the LORD they encamped, and at the commandment of the LORD they journeyed; they kept the charge of the LORD, at the commandment of the LORD by the hand of {{c1::Moses}}.",Torah::Numbers::Beha'alotcha Type::AutoCloze
JPS1917|Numbers 9:23|c2,Numbers 9:23,Beha'alotcha,"At the {{c1::commandment}} of the LORD they encamped, and at the commandment of the LORD they journeyed; they kept the charge of the LORD, at the commandment of the LORD by the hand of Moses.",Torah::Numbers::Beha'alotcha Type::AutoCloze
JPS1917|Numbers 10:1|c1,Numbers 10:1,Beha'alotcha,"And the LORD spoke unto {{c1::Moses}}, saying:",Torah::Numbers::Beha'alotcha Type::AutoCloze
JPS1917|Numbers 10:1|c2,Numbers 10:1,Beha'alotcha,"And the LORD spoke unto Moses, {{c1::saying}}:",Torah::Numbers::Beha'alotcha Type::AutoCloze
JPS1917|Numbers 10:2|c1,Numbers 10:2,Beha'alotcha,"’Make thee two {{c1::trumpets}} of silver; of beaten work shalt thou make them; and they shall be unto thee for the calling of the congregation, and for causing the camps to set forward.",Torah::Numbers::Beha'alotcha Type::AutoCloze
JPS1917|Numbers 10:2|c2,Numbers 10:2,Beha'alotcha,"’Make thee two trumpets of {{c1::silver}}; of beaten work shalt thou make them; and they shall be unto thee for the calling of the congregation, and for causing the camps to set forward.",Torah::Numbers::Beha'alotcha Type::AutoCloze
JPS1917|Numbers 10:3|c1,Numbers 10:3,Beha'alotcha,"And when they shall blow with them, all the {{c1::congregation}} shall gather themselves unto thee at the door of the tent of meeting.",Torah::Numbers::Beha'alotcha Type::AutoCloze
JPS1917|Numbers 10:3|c2,Numbers 10:3,Beha'alotcha,"And when they shall blow with them, all the congregation shall {{c1::gather}} themselves unto thee at the door of the tent of meeting.",Torah::Numbers::Beha'alotcha Type::AutoCloze
JPS1917|Numbers 10:4|c1,Numbers 10:4,Beha'alotcha,"And if they blow but with one, then the princes, the heads of the thousands of {{c1::Israel}}, shall gather themselves unto thee.",Torah::Numbers::Beha'alotcha Type::AutoCloze
JPS1917|Numbers 10:4|c2,Numbers 10:4,Beha'alotcha,"And if they blow but with one, then the {{c1::princes}}, the heads of the thousands of Israel, shall gather themselves unto thee.",Torah::Numbers::Beha'alotcha Type::AutoCloze
JPS1917|Numbers 10:5|c1,Numbers 10:5,Beha'alotcha,"And when ye blow an alarm, the camps that lie on the east side shall take their {{c1::journey}}.",Torah::Numbers::Beha'alotcha Type::AutoCloze
JPS1917|Numbers 10:6|c1,Numbers 10:6,Beha'alotcha,"And when ye blow an alarm the {{c1::second}} time, the camps that lie on the south side shall set forward; they shall blow an alarm for their journeys.",Torah::Numbers::Beha'alotcha Type::AutoCloze
JPS1917|Numbers 10:6|c2,Numbers 10:6,Beha'alotcha,"And when ye blow an alarm the second time, the camps that lie on the south side shall set {{c1::forward}}; they shall blow an alarm for their journeys.",Torah::Numbers::Beha'alotcha Type::AutoCloze
JPS1917|Numbers 10:7|c1,Numbers 10:7,Beha'alotcha,"But when the {{c1::assembly}} is to be gathered together, ye shall blow, but ye shall not sound an alarm.",Torah::Numbers::Beha'alotcha Type::AutoCloze
JPS1917|Numbers 10:7|c2,Numbers 10:7,Beha'alotcha,"But when the assembly is to be {{c1::gathered}} together, ye shall blow, but ye shall not sound an alarm.",Torah::Numbers::Beha'alotcha Type::AutoCloze
JPS1917|Numbers 10:8|c1,Numbers 10:8,Beha'alotcha,"And the sons of {{c1::Aaron}}, the priests, shall blow with the trumpets; and they shall be to you for a statute for ever throughout your generations.",Torah::Numbers::Beha'alotcha Type::AutoCloze
JPS1917|Numbers 10:8|c2,Numbers 10:8,Beha'alotcha,"And the sons of Aaron, the {{c1::priests}}, shall blow with the trumpets; and they shall be to you for a statute for ever throughout your generations.",Torah::Numbers::Beha'alotcha Type::AutoCloze
JPS1917|Numbers 10:9|c1,Numbers 10:9,Beha'alotcha,"And when ye go to war in your land {{c1::against}} the adversary that oppresseth you, then ye shall sound an alarm with the trumpets; and ye shall be remembered before the LORD your God, and ye shall be saved from your enemies.",Torah::Numbers::Beha'alotcha Type::AutoCloze
JPS1917|Numbers 10:9|c2,Numbers 10:9,Beha'alotcha,"And when ye go to war in your land against the {{c1::adversary}} that oppresseth you, then ye shall sound an alarm with the trumpets; and ye shall be remembered before the LORD your God, and ye shall be saved from your enemies.",Torah::Numbers::Beha'alotcha Type::AutoCloze
JPS1917|Numbers 10:10|c1,Numbers 10:10,Beha'alotcha,"Also in the day of your gladness, and in your appointed seasons, and in your new moons, ye shall blow with the trumpets over your burnt-offerings, and over the sacrifices of your peace-offerings; and they shall be to you for a memorial before your God: {{c1::I}} am the LORD your God.’",Torah::Numbers::Beha'alotcha Type::AutoCloze
JPS1917|Numbers 10:10|c2,Numbers 10:10,Beha'alotcha,"Also in the day of your {{c1::gladness}}, and in your appointed seasons, and in your new moons, ye shall blow with the trumpets over your burnt-offerings, and over the sacrifices of your peace-offerings; and they shall be to you for a memorial before your God: I am the LORD your God.’",Torah::Numbers::Beha'alotcha Type::AutoCloze
JPS1917|Numbers 10:11|c1,Numbers 10:11,Beha'alotcha,"And it came to pass in the {{c1::second}} year, in the second month, on the twentieth day of the month, that the cloud was taken up from over the tabernacle of the testimony.",Torah::Numbers::Beha'alotcha Type::AutoCloze
JPS1917|Numbers 10:11|c2,Numbers 10:11,Beha'alotcha,"And it came to pass in the second year, in the second month, on the {{c1::twentieth}} day of the month, that the cloud was taken up from over the tabernacle of the testimony.",Torah::Numbers::Beha'alotcha Type::AutoCloze
JPS1917|Numbers 10:12|c1,Numbers 10:12,Beha'alotcha,And the children of {{c1::Israel}} set forward by their stages out of the wilderness of Sinai; and the cloud abode in the wilderness of Paran.—,Torah::Numbers::Beha'alotcha Type::AutoCloze
JPS1917|Numbers 10:12|c2,Numbers 10:12,Beha'alotcha,And the children of Israel set forward by their stages out of the wilderness of {{c1::Sinai}}; and the cloud abode in the wilderness of Paran.—,Torah::Numbers::Beha'alotcha Type::AutoCloze
JPS1917|Numbers 10:13|c1,Numbers 10:13,Beha'alotcha,"And they took their first journey, according to the commandment of the LORD by the hand of {{c1::Moses}}.",Torah::Numbers::Beha'alotcha Type::AutoCloze
JPS1917|Numbers 10:13|c2,Numbers 10:13,Beha'alotcha,"And they took their first {{c1::journey}}, according to the commandment of the LORD by the hand of Moses.",Torah::Numbers::Beha'alotcha Type::AutoCloze
JPS1917|Numbers 10:14|c1,Numbers 10:14,Beha'alotcha,And in the first place the standard of the camp of the children of {{c1::Judah}} set forward according to their hosts; and over his host was Nahshon the son of Amminadab.,Torah::Numbers::Beha'alotcha Type::AutoCloze
JPS1917|Numbers 10:14|c2,Numbers 10:14,Beha'alotcha,And in the first place the standard of the camp of the children of Judah set forward according to their hosts; and over his host was {{c1::Nahshon}} the son of Amminadab.,Torah::Numbers::Beha'alotcha Type::AutoCloze
JPS1917|Numbers 10:15|c1,Numbers 10:15,Beha'alotcha,And over the host of the tribe of the children of {{c1::Issachar}} was Nethanel the son of Zuar.,Torah::Numbers::Beha'alotcha Type::AutoCloze
JPS1917|Numbers 10:15|c2,Numbers 10:15,Beha'alotcha,And over the host of the tribe of the children of Issachar was {{c1::Nethanel}} the son of Zuar.,Torah::Numbers::Beha'alotcha Type::AutoCloze
JPS1917|Numbers 10:16|c1,Numbers 10:16,Beha'alotcha,And over the host of the tribe of the children of {{c1::Zebulun}} was Eliab the son of Helon.,Torah::Numbers::Beha'alotcha Type::AutoCloze
JPS1917|Numbers 10:16|c2,Numbers 10:16,Beha'alotcha,And over the host of the tribe of the children of Zebulun was {{c1::Eliab}} the son of Helon.,Torah::Numbers::Beha'alotcha Type::AutoCloze
JPS1917|Numbers 10:17|c1,Numbers 10:17,Beha'alotcha,"And the tabernacle was taken down; and the sons of {{c1::Gershon}} and the sons of Merari, who bore the tabernacle, set forward.",Torah::Numbers::Beha'alotcha Type::AutoCloze
JPS1917|Numbers 10:17|c2,Numbers 10:17,Beha'alotcha,"And the tabernacle was taken down; and the sons of Gershon and the sons of {{c1::Merari}}, who bore the tabernacle, set forward.",Torah::Numbers::Beha'alotcha Type::AutoCloze
JPS1917|Numbers 10:18|c1,Numbers 10:18,Beha'alotcha,And the standard of the camp of {{c1::Reuben}} set forward according to their hosts; and over his host was Elizur the son of Shedeur.,Torah::Numbers::Beha'alotcha Type::AutoCloze
JPS1917|Numbers 10:18|c2,Numbers 10:18,Beha'alotcha,And the standard of the camp of Reuben set forward according to their hosts; and over his host was {{c1::Elizur}} the son of Shedeur.,Torah::Numbers::Beha'alotcha Type::AutoCloze
JPS1917|Numbers 10:19|c1,Numbers 10:19,Beha'alotcha,And over the host of the tribe of the children of {{c1::Simeon}} was Shelumiel the son of Zurishaddai.,Torah::Numbers::Beha'alotcha Type::AutoCloze
JPS1917|Numbers 10:19|c2,Numbers 10:19,Beha'alotcha,And over the host of the tribe of the children of Simeon was {{c1::Shelumiel}} the son of Zurishaddai.,Torah::Numbers::Beha'alotcha Type::AutoCloze
JPS1917|Numbers 10:20|c1,Numbers 10:20,Beha'alotcha,And over the host of the tribe of the children of {{c1::Gad}} was Eliasaph the son of Deuel.,Torah::Numbers::Beha'alotcha Type::AutoCloze
JPS1917|Numbers 10:20|c2,Numbers 10:20,Beha'alotcha,And over the host of the tribe of the children of Gad was {{c1::Eliasaph}} the son of Deuel.,Torah::Numbers::Beha'alotcha Type::AutoCloze
JPS1917|Numbers 10:21|c1,Numbers 10:21,Beha'alotcha,"And the {{c1::Kohathites}} the bearers of the sanctuary set forward, that the tabernacle might be set up against their coming.",Torah::Numbers::Beha'alotcha Type::AutoCloze
JPS1917|Numbers 10:21|c2,Numbers 10:21,Beha'alotcha,"And the Kohathites the {{c1::bearers}} of the sanctuary set forward, that the tabernacle might be set up against their coming.",Torah::Numbers::Beha'alotcha Type::AutoCloze
JPS1917|Numbers 10:22|c1,Numbers 10:22,Beha'alotcha,And the standard of the camp of the children of {{c1::Ephraim}} set forward according to their hosts; and over his host was Elishama the son of Ammihud.,Torah::Numbers::Beha'alotcha Type::AutoCloze
JPS1917|Numbers 10:22|c2,Numbers 10:22,Beha'alotcha,And the standard of the camp of the children of Ephraim set forward according to their hosts; and over his host was {{c1::Elishama}} the son of Ammihud.,Torah::Numbers::Beha'alotcha Type::AutoCloze
JPS1917|Numbers 10:23|c1,Numbers 10:23,Beha'alotcha,And over the host of the tribe of the children of {{c1::Manasseh}} was Gamaliel the son of Pedahzur.,Torah::Numbers::Beha'alotcha Type::AutoCloze
JPS1917|Numbers 10:23|c2,Numbers 10:23,Beha'alotcha,And over the host of the tribe of the children of Manasseh was {{c1::Gamaliel}} the son of Pedahzur.,Torah::Numbers::Beha'alotcha Type::AutoCloze
JPS1917|Numbers 10:24|c1,Numbers 10:24,Beha'alotcha,And over the host of the tribe of the children of {{c1::Benjamin}} was Abidan the son of Gideoni.,Torah::Numbers::Beha'alotcha Type::AutoCloze
JPS1917|Numbers 10:24|c2,Numbers 10:24,Beha'alotcha,And over the host of the tribe of the children of Benjamin was {{c1::Abidan}} the son of Gideoni.,Torah::Numbers::Beha'alotcha Type::AutoCloze
JPS1917|Numbers 10:25|c1,Numbers 10:25,Beha'alotcha,"And the standard of the camp of the children of {{c1::Dan}}, which was the rearward of all the camps, set forward according to their hosts; and over his host was Ahiezer the son of Ammishaddai.",Torah::Numbers::Beha'alotcha Type::AutoCloze
JPS1917|Numbers 10:25|c2,Numbers 10:25,Beha'alotcha,"And the standard of the camp of the children of Dan, which was the rearward of all the camps, set forward according to their hosts; and over his host was {{c1::Ahiezer}} the son of Ammishaddai.",Torah::Numbers::Beha'alotcha Type::AutoCloze
JPS1917|Numbers 10:26|c1,Numbers 10:26,Beha'alotcha,And over the host of the tribe of the children of {{c1::Asher}} was Pagiel the son of Ochran.,Torah::Numbers::Beha'alotcha Type::AutoCloze
JPS1917|Numbers 10:26|c2,Numbers 10:26,Beha'alotcha,And over the host of the tribe of the children of Asher was {{c1::Pagiel}} the son of Ochran.,Torah::Numbers::Beha'alotcha Type::AutoCloze
JPS1917|Numbers 10:27|c1,Numbers 10:27,Beha'alotcha,And over the host of the tribe of the children of {{c1::Naphtali}} was Ahira the son of Enan.,Torah::Numbers::Beha'alotcha Type::AutoCloze
JPS1917|Numbers 10:27|c2,Numbers 10:27,Beha'alotcha,And over the host of the tribe of the children of Naphtali was {{c1::Ahira}} the son of Enan.,Torah::Numbers::Beha'alotcha Type::AutoCloze
JPS1917|Numbers 10:28|c1,Numbers 10:28,Beha'alotcha,Thus were the journeyings of the children of {{c1::Israel}} according to their hosts.—And they set forward.,Torah::Numbers::Beha'alotcha Type::AutoCloze
JPS1917|Numbers 10:28|c2,Numbers 10:28,Beha'alotcha,Thus were the {{c1::journeyings}} of the children of Israel according to their hosts.—And they set forward.,Torah::Numbers::Beha'alotcha Type::AutoCloze
JPS1917|Numbers 10:29|c1,Numbers 10:29,Beha'alotcha,"And {{c1::Moses}} said unto Hobab, the son of Reuel the Midianite, Moses’father-in-law: ‘We are journeying unto the place of which the LORD said: I will give it you; come thou with us, and we will do thee good; for the LORD hath spoken good concerning Israel.’",Torah::Numbers::Beha'alotcha Type::AutoCloze
JPS1917|Numbers 10:29|c2,Numbers 10:29,Beha'alotcha,"And Moses said unto {{c1::Hobab}}, the son of Reuel the Midianite, Moses’father-in-law: ‘We are journeying unto the place of which the LORD said: I will give it you; come thou with us, and we will do thee good; for the LORD hath spoken good concerning Israel.’",Torah::Numbers::Beha'alotcha Type::AutoCloze
JPS1917|Numbers 10:30|c1,Numbers 10:30,Beha'alotcha,"And he said unto him: ‘{{c1::I}} will not go; but I will depart to mine own land, and to my kindred.’",Torah::Numbers::Beha'alotcha Type::AutoCloze
JPS1917|Numbers 10:30|c2,Numbers 10:30,Beha'alotcha,"And he said unto him: ‘I will not go; but I will {{c1::depart}} to mine own land, and to my kindred.’",Torah::Numbers::Beha'alotcha Type::AutoCloze
JPS1917|Numbers 10:31|c1,Numbers 10:31,Beha'alotcha,"And he said: ‘{{c1::Leave}} us not, I pray thee; forasmuch as thou knowest how we are to encamp in the wilderness, and thou shalt be to us instead of eyes.",Torah::Numbers::Beha'alotcha Type::AutoCloze
JPS1917|Numbers 10:31|c2,Numbers 10:31,Beha'alotcha,"And he said: ‘Leave us not, {{c1::I}} pray thee; forasmuch as thou knowest how we are to encamp in the wilderness, and thou shalt be to us instead of eyes.",Torah::Numbers::Beha'alotcha Type::AutoCloze
JPS1917|Numbers 10:32|c1,Numbers 10:32,Beha'alotcha,"And it shall be, if thou go with us, yea, it shall be, that what good {{c1::soever}} the LORD shall do unto us, the same will we do unto thee.’",Torah::Numbers::Beha'alotcha Type::AutoCloze
JPS1917|Numbers 10:33|c1,Numbers 10:33,Beha'alotcha,"And they set {{c1::forward}} from the mount of the LORD three days’journey; and the ark of the covenant of the LORD went before them three days’journey, to seek out a resting-place for them.",Torah::Numbers::Beha'alotcha Type::AutoCloze
JPS1917|Numbers 10:33|c2,Numbers 10:33,Beha'alotcha,"And they set forward from the mount of the LORD three {{c1::days’journey}}; and the ark of the covenant of the LORD went before them three days’journey, to seek out a resting-place for them.",Torah::Numbers::Beha'alotcha Type::AutoCloze
JPS1917|Numbers 10:34|c1,Numbers 10:34,Beha'alotcha,"And the cloud of the LORD was over them by day, when they set {{c1::forward}} from the camp.",Torah::Numbers::Beha'alotcha Type::AutoCloze
JPS1917|Numbers 10:35|c1,Numbers 10:35,Beha'alotcha,"And it came to pass, when the ark set forward, that {{c1::Moses}} said: ‘Rise up, O LORD, and let Thine enemies be scattered; and let them that hate Thee flee before Thee.’",Torah::Numbers::Beha'alotcha Type::AutoCloze
JPS1917|Numbers 10:35|c2,Numbers 10:35,Beha'alotcha,"And it came to pass, when the ark set forward, that Moses said: ‘{{c1::Rise}} up, O LORD, and let Thine enemies be scattered; and let them that hate Thee flee before Thee.’",Torah::Numbers::Beha'alotcha Type::AutoCloze
JPS1917|Numbers 10:36|c1,Numbers 10:36,Beha'alotcha,"And when it rested, he said: ‘{{c1::Return}}, O LORD, unto the ten thousands of the families of Israel.’",Torah::Numbers::Beha'alotcha Type::AutoCloze
JPS1917|Numbers 10:36|c2,Numbers 10:36,Beha'alotcha,"And when it rested, he said: ‘Return, {{c1::O}} LORD, unto the ten thousands of the families of Israel.’",Torah::Numbers::Beha'alotcha Type::AutoCloze
JPS1917|Numbers 11:1|c1,Numbers 11:1,Beha'alotcha,"And the {{c1::people}} were as murmurers, speaking evil in the ears of the LORD; and when the LORD heard it, His anger was kindled; and the fire of the LORD burnt among them, and devoured in the uttermost part of the camp.",Torah::Numbers::Beha'alotcha Type::AutoCloze
JPS1917|Numbers 11:1|c2,Numbers 11:1,Beha'alotcha,"And the people were as {{c1::murmurers}}, speaking evil in the ears of the LORD; and when the LORD heard it, His anger was kindled; and the fire of the LORD burnt among them, and devoured in the uttermost part of the camp.",Torah::Numbers::Beha'alotcha Type::AutoCloze
JPS1917|Numbers 11:2|c1,Numbers 11:2,Beha'alotcha,"And the people cried unto {{c1::Moses}}; and Moses prayed unto the LORD, and the fire abated.",Torah::Numbers::Beha'alotcha Type::AutoCloze
JPS1917|Numbers 11:2|c2,Numbers 11:2,Beha'alotcha,"And the {{c1::people}} cried unto Moses; and Moses prayed unto the LORD, and the fire abated.",Torah::Numbers::Beha'alotcha Type::AutoCloze
JPS1917|Numbers 11:3|c1,Numbers 11:3,Beha'alotcha,"And the name of that place was called {{c1::Taberah}}, because the fire of the LORD burnt among them.",Torah::Numbers::Beha'alotcha Type::AutoCloze
JPS1917|Numbers 11:3|c2,Numbers 11:3,Beha'alotcha,"And the name of that place was {{c1::called}} Taberah, because the fire of the LORD burnt among them.",Torah::Numbers::Beha'alotcha Type::AutoCloze
JPS1917|Numbers 11:4|c1,Numbers 11:4,Beha'alotcha,"And the mixed multitude that was among them fell a lusting; and the children of {{c1::Israel}} also wept on their part, and said: ‘Would that we were given flesh to eat!",Torah::Numbers::Beha'alotcha Type::AutoCloze
JPS1917|Numbers 11:4|c2,Numbers 11:4,Beha'alotcha,"And the mixed multitude that was among them fell a lusting; and the children of Israel also wept on their part, and said: ‘{{c1::Would}} that we were given flesh to eat!",Torah::Numbers::Beha'alotcha Type::AutoCloze
JPS1917|Numbers 11:5|c1,Numbers 11:5,Beha'alotcha,"We remember the fish, which we were wont to eat in {{c1::Egypt}} for nought; the cucumbers, and the melons, and the leeks, and the onions, and the garlic;",Torah::Numbers::Beha'alotcha Type::AutoCloze
JPS1917|Numbers 11:5|c2,Numbers 11:5,Beha'alotcha,"We {{c1::remember}} the fish, which we were wont to eat in Egypt for nought; the cucumbers, and the melons, and the leeks, and the onions, and the garlic;",Torah::Numbers::Beha'alotcha Type::AutoCloze
JPS1917|Numbers 11:6|c1,Numbers 11:6,Beha'alotcha,but now our soul is dried away; there is {{c1::nothing}} at all; we have nought save this manna to look to.’—,Torah::Numbers::Beha'alotcha Type::AutoCloze
JPS1917|Numbers 11:6|c2,Numbers 11:6,Beha'alotcha,but now our soul is dried away; there is nothing at all; we have {{c1::nought}} save this manna to look to.’—,Torah::Numbers::Beha'alotcha Type::AutoCloze
JPS1917|Numbers 11:7|c1,Numbers 11:7,Beha'alotcha,"Now the manna was like {{c1::coriander}} seed, and the appearance thereof as the appearance of bdellium.",Torah::Numbers::Beha'alotcha Type::AutoCloze
JPS1917|Numbers 11:7|c2,Numbers 11:7,Beha'alotcha,"Now the manna was like coriander seed, and the {{c1::appearance}} thereof as the appearance of bdellium.",Torah::Numbers::Beha'alotcha Type::AutoCloze
JPS1917|Numbers 11:8|c1,Numbers 11:8,Beha'alotcha,"The {{c1::people}} went about, and gathered it, and ground it in mills, or beat it in mortars, and seethed it in pots, and made cakes of it; and the taste of it was as the taste of a cake baked with oil.",Torah::Numbers::Beha'alotcha Type::AutoCloze
JPS1917|Numbers 11:8|c2,Numbers 11:8,Beha'alotcha,"The people went about, and {{c1::gathered}} it, and ground it in mills, or beat it in mortars, and seethed it in pots, and made cakes of it; and the taste of it was as the taste of a cake baked with oil.",Torah::Numbers::Beha'alotcha Type::AutoCloze
JPS1917|Numbers 11:10|c1,Numbers 11:10,Beha'alotcha,"And {{c1::Moses}} heard the people weeping, family by family, every man at the door of his tent; and the anger of the LORD was kindled greatly; and Moses was displeased.",Torah::Numbers::Beha'alotcha Type::AutoCloze
JPS1917|Numbers 11:10|c2,Numbers 11:10,Beha'alotcha,"And Moses heard the {{c1::people}} weeping, family by family, every man at the door of his tent; and the anger of the LORD was kindled greatly; and Moses was displeased.",Torah::Numbers::Beha'alotcha Type::AutoCloze
JPS1917|Numbers 11:11|c1,Numbers 11:11,Beha'alotcha,"And {{c1::Moses}} said unto the LORD: ‘Wherefore hast Thou dealt ill with Thy servant? and wherefore have I not found favour in Thy sight, that Thou layest the burden of all this people upon me?",Torah::Numbers::Beha'alotcha Type::AutoCloze
JPS1917|Numbers 11:11|c2,Numbers 11:11,Beha'alotcha,"And Moses said unto the LORD: ‘{{c1::Wherefore}} hast Thou dealt ill with Thy servant? and wherefore have I not found favour in Thy sight, that Thou layest the burden of all this people upon me?",Torah::Numbers::Beha'alotcha Type::AutoCloze
JPS1917|Numbers 11:12|c1,Numbers 11:12,Beha'alotcha,"Have {{c1::I}} conceived all this people? have I brought them forth, that Thou shouldest say unto me: Carry them in thy bosom, as a nursing-father carrieth the sucking child, unto the land which Thou didst swear unto their fathers?",Torah::Numbers::Beha'alotcha Type::AutoCloze
JPS1917|Numbers 11:12|c2,Numbers 11:12,Beha'alotcha,"Have I conceived all this people? have I brought them forth, that {{c1::Thou}} shouldest say unto me: Carry them in thy bosom, as a nursing-father carrieth the sucking child, unto the land which Thou didst swear unto their fathers?",Torah::Numbers::Beha'alotcha Type::AutoCloze
JPS1917|Numbers 11:13|c1,Numbers 11:13,Beha'alotcha,"Whence should {{c1::I}} have flesh to give unto all this people? for they trouble me with their weeping, saying: Give us flesh, that we may eat.",Torah::Numbers::Beha'alotcha Type::AutoCloze
JPS1917|Numbers 11:13|c2,Numbers 11:13,Beha'alotcha,"Whence should I have flesh to give unto all this people? for they trouble me with their weeping, saying: {{c1::Give}} us flesh, that we may eat.",Torah::Numbers::Beha'alotcha Type::AutoCloze
JPS1917|Numbers 11:14|c1,Numbers 11:14,Beha'alotcha,"I am not able to bear all this {{c1::people}} myself alone, because it is too heavy for me.",Torah::Numbers::Beha'alotcha Type::AutoCloze
JPS1917|Numbers 11:14|c2,Numbers 11:14,Beha'alotcha,"I am not able to bear all this people {{c1::myself}} alone, because it is too heavy for me.",Torah::Numbers::Beha'alotcha Type::AutoCloze
JPS1917|Numbers 11:15|c1,Numbers 11:15,Beha'alotcha,"And if {{c1::Thou}} deal thus with me, kill me, I pray Thee, out of hand, if I have found favour in Thy sight; and let me not look upon my wretchedness.’",Torah::Numbers::Beha'alotcha Type::AutoCloze
JPS1917|Numbers 11:15|c2,Numbers 11:15,Beha'alotcha,"And if Thou deal thus with me, kill me, {{c1::I}} pray Thee, out of hand, if I have found favour in Thy sight; and let me not look upon my wretchedness.’",Torah::Numbers::Beha'alotcha Type::AutoCloze
JPS1917|Numbers 11:16|c1,Numbers 11:16,Beha'alotcha,"And the LORD said unto {{c1::Moses}}: ‘Gather unto Me seventy men of the elders of Israel, whom thou knowest to be the elders of the people, and officers over them; and bring them unto the tent of meeting, that they may stand there with thee.",Torah::Numbers::Beha'alotcha Type::AutoCloze
JPS1917|Numbers 11:16|c2,Numbers 11:16,Beha'alotcha,"And the LORD said unto Moses: ‘{{c1::Gather}} unto Me seventy men of the elders of Israel, whom thou knowest to be the elders of the people, and officers over them; and bring them unto the tent of meeting, that they may stand there with thee.",Torah::Numbers::Beha'alotcha Type::AutoCloze
JPS1917|Numbers 11:17|c1,Numbers 11:17,Beha'alotcha,"And {{c1::I}} will come down and speak with thee there; and I will take of the spirit which is upon thee, and will put it upon them; and they shall bear the burden of the people with thee, that thou bear it not thyself alone.",Torah::Numbers::Beha'alotcha Type::AutoCloze
JPS1917|Numbers 11:17|c2,Numbers 11:17,Beha'alotcha,"And I will come down and speak with thee there; and I will take of the {{c1::spirit}} which is upon thee, and will put it upon them; and they shall bear the burden of the people with thee, that thou bear it not thyself alone.",Torah::Numbers::Beha'alotcha Type::AutoCloze
JPS1917|Numbers 11:18|c1,Numbers 11:18,Beha'alotcha,"And say thou unto the people: {{c1::Sanctify}} yourselves against to-morrow, and ye shall eat flesh; for ye have wept in the ears of the LORD, saying: Would that we were given flesh to eat! for it was well with us in Egypt; therefore the LORD will give you flesh, and ye shall eat.",Torah::Numbers::Beha'alotcha Type::AutoCloze
JPS1917|Numbers 11:18|c2,Numbers 11:18,Beha'alotcha,"And say thou unto the people: Sanctify yourselves against to-morrow, and ye shall eat flesh; for ye have wept in the ears of the LORD, saying: {{c1::Would}} that we were given flesh to eat! for it was well with us in Egypt; therefore the LORD will give you flesh, and ye shall eat.",Torah::Numbers::Beha'alotcha Type::AutoCloze
JPS1917|Numbers 11:19|c1,Numbers 11:19,Beha'alotcha,"Ye shall not eat one day, nor two days, nor five days, {{c1::neither}} ten days, nor twenty days;",Torah::Numbers::Beha'alotcha Type::AutoCloze
JPS1917|Numbers 11:19|c2,Numbers 11:19,Beha'alotcha,"Ye shall not eat one day, nor two days, nor five days, neither ten days, nor {{c1::twenty}} days;",Torah::Numbers::Beha'alotcha Type::AutoCloze
JPS1917|Numbers 11:20|c1,Numbers 11:20,Beha'alotcha,"but a whole month, until it come out at your nostrils, and it be loathsome unto you; because that ye have rejected the LORD who is among you, and have troubled Him with weeping, saying: {{c1::Why}}, now, came we forth out of Egypt?’",Torah::Numbers::Beha'alotcha Type::AutoCloze
JPS1917|Numbers 11:20|c2,Numbers 11:20,Beha'alotcha,"but a whole month, until it come out at your nostrils, and it be loathsome unto you; because that ye have rejected the LORD who is among you, and have troubled Him with weeping, saying: Why, now, came we forth out of {{c1::Egypt}}?’",Torah::Numbers::Beha'alotcha Type::AutoCloze
JPS1917|Numbers 11:21|c1,Numbers 11:21,Beha'alotcha,"And {{c1::Moses}} said: ‘The people, among whom I am, are six hundred thousand men on foot; and yet Thou hast said: I will give them flesh, that they may eat a whole month!",Torah::Numbers::Beha'alotcha Type::AutoCloze
JPS1917|Numbers 11:21|c2,Numbers 11:21,Beha'alotcha,"And Moses said: ‘The people, among whom {{c1::I}} am, are six hundred thousand men on foot; and yet Thou hast said: I will give them flesh, that they may eat a whole month!",Torah::Numbers::Beha'alotcha Type::AutoCloze
JPS1917|Numbers 11:22|c1,Numbers 11:22,Beha'alotcha,"If {{c1::flocks}} and herds be slain for them, will they suffice them? or if all the fish of the sea be gathered together for them, will they suffice them?’",Torah::Numbers::Beha'alotcha Type::AutoCloze
JPS1917|Numbers 11:22|c2,Numbers 11:22,Beha'alotcha,"If flocks and herds be slain for them, will they {{c1::suffice}} them? or if all the fish of the sea be gathered together for them, will they suffice them?’",Torah::Numbers::Beha'alotcha Type::AutoCloze
JPS1917|Numbers 11:23|c1,Numbers 11:23,Beha'alotcha,And the LORD said unto {{c1::Moses}}: ‘Is the LORD’S hand waxed short? now shalt thou see whether My word shall come to pass unto thee or not.’,Torah::Numbers::Beha'alotcha Type::AutoCloze
JPS1917|Numbers 11:23|c2,Numbers 11:23,Beha'alotcha,And the LORD said unto Moses: ‘Is the {{c1::LORD’S}} hand waxed short? now shalt thou see whether My word shall come to pass unto thee or not.’,Torah::Numbers::Beha'alotcha Type::AutoCloze
JPS1917|Numbers 11:24|c1,Numbers 11:24,Beha'alotcha,"And {{c1::Moses}} went out, and told the people the words of the LORD; and he gathered seventy men of the elders of the people, and set them round about the Tent.",Torah::Numbers::Beha'alotcha Type::AutoCloze
JPS1917|Numbers 11:24|c2,Numbers 11:24,Beha'alotcha,"And Moses went out, and told the people the words of the LORD; and he gathered seventy men of the elders of the people, and set them round about the {{c1::Tent}}.",Torah::Numbers::Beha'alotcha Type::AutoCloze
JPS1917|Numbers 11:25|c1,Numbers 11:25,Beha'alotcha,"And the LORD came down in the cloud, and spoke unto him, and took of the {{c1::spirit}} that was upon him, and put it upon the seventy elders; and it came to pass, that, when the spirit rested upon them, they prophesied, but they did so no more.",Torah::Numbers::Beha'alotcha Type::AutoCloze
JPS1917|Numbers 11:25|c2,Numbers 11:25,Beha'alotcha,"And the LORD came down in the cloud, and spoke unto him, and took of the spirit that was upon him, and put it upon the {{c1::seventy}} elders; and it came to pass, that, when the spirit rested upon them, they prophesied, but they did so no more.",Torah::Numbers::Beha'alotcha Type::AutoCloze
JPS1917|Numbers 11:26|c1,Numbers 11:26,Beha'alotcha,"But there remained two men in the camp, the name of the one was {{c1::Eldad}}, and the name of the other Medad; and the spirit rested upon them; and they were of them that were recorded, but had not gone out unto the Tent; and they prophesied in the camp.",Torah::Numbers::Beha'alotcha Type::AutoCloze
JPS1917|Numbers 11:26|c2,Numbers 11:26,Beha'alotcha,"But there remained two men in the camp, the name of the one was Eldad, and the name of the other {{c1::Medad}}; and the spirit rested upon them; and they were of them that were recorded, but had not gone out unto the Tent; and they prophesied in the camp.",Torah::Numbers::Beha'alotcha Type::AutoCloze
JPS1917|Numbers 11:27|c1,Numbers 11:27,Beha'alotcha,"And there ran a young man, and told {{c1::Moses}}, and said: ‘Eldad and Medad are prophesying in the camp.’",Torah::Numbers::Beha'alotcha Type::AutoCloze
JPS1917|Numbers 11:27|c2,Numbers 11:27,Beha'alotcha,"And there ran a young man, and told Moses, and said: ‘{{c1::Eldad}} and Medad are prophesying in the camp.’",Torah::Numbers::Beha'alotcha Type::AutoCloze
JPS1917|Numbers 11:28|c1,Numbers 11:28,Beha'alotcha,"And {{c1::Joshua}} the son of Nun, the minister of Moses from his youth up, answered and said: ‘My lord Moses, shut them in.’",Torah::Numbers::Beha'alotcha Type::AutoCloze
JPS1917|Numbers 11:28|c2,Numbers 11:28,Beha'alotcha,"And Joshua the son of {{c1::Nun}}, the minister of Moses from his youth up, answered and said: ‘My lord Moses, shut them in.’",Torah::Numbers::Beha'alotcha Type::AutoCloze
JPS1917|Numbers 11:29|c1,Numbers 11:29,Beha'alotcha,"And {{c1::Moses}} said unto him: ‘Art thou jealous for my sake? would that all the LORD’S people were prophets, that the LORD would put His spirit upon them! ’",Torah::Numbers::Beha'alotcha Type::AutoCloze
JPS1917|Numbers 11:29|c2,Numbers 11:29,Beha'alotcha,"And Moses said unto him: ‘{{c1::Art}} thou jealous for my sake? would that all the LORD’S people were prophets, that the LORD would put His spirit upon them! ’",Torah::Numbers::Beha'alotcha Type::AutoCloze
JPS1917|Numbers 11:30|c1,Numbers 11:30,Beha'alotcha,"And {{c1::Moses}} withdrew into the camp, he and the elders of Israel.",Torah::Numbers::Beha'alotcha Type::AutoCloze
JPS1917|Numbers 11:30|c2,Numbers 11:30,Beha'alotcha,"And Moses withdrew into the camp, he and the elders of {{c1::Israel}}.",Torah::Numbers::Beha'alotcha Type::AutoCloze
JPS1917|Numbers 11:31|c1,Numbers 11:31,Beha'alotcha,"And there went forth a wind from the LORD, and {{c1::brought}} across quails from the sea, and let them fall by the camp, about a day’s journey on this side, and a day’s journey on the other side, round about the camp, and about two cubits above the face of the earth.",Torah::Numbers::Beha'alotcha Type::AutoCloze
JPS1917|Numbers 11:31|c2,Numbers 11:31,Beha'alotcha,"And there went forth a wind from the LORD, and brought {{c1::across}} quails from the sea, and let them fall by the camp, about a day’s journey on this side, and a day’s journey on the other side, round about the camp, and about two cubits above the face of the earth.",Torah::Numbers::Beha'alotcha Type::AutoCloze
JPS1917|Numbers 11:32|c1,Numbers 11:32,Beha'alotcha,"And the {{c1::people}} rose up all that day, and all the night, and all the next day, and gathered the quails; he that gathered least gathered ten heaps; and they spread them all abroad for themselves round about the camp.",Torah::Numbers::Beha'alotcha Type::AutoCloze
JPS1917|Numbers 11:32|c2,Numbers 11:32,Beha'alotcha,"And the people rose up all that day, and all the night, and all the next day, and {{c1::gathered}} the quails; he that gathered least gathered ten heaps; and they spread them all abroad for themselves round about the camp.",Torah::Numbers::Beha'alotcha Type::AutoCloze
JPS1917|Numbers 11:33|c1,Numbers 11:33,Beha'alotcha,"While the flesh was yet {{c1::between}} their teeth, ere it was chewed, the anger of the LORD was kindled against the people, and the LORD smote the people with a very great plague.",Torah::Numbers::Beha'alotcha Type::AutoCloze
JPS1917|Numbers 11:33|c2,Numbers 11:33,Beha'alotcha,"While the flesh was yet between their teeth, ere it was {{c1::chewed}}, the anger of the LORD was kindled against the people, and the LORD smote the people with a very great plague.",Torah::Numbers::Beha'alotcha Type::AutoCloze
JPS1917|Numbers 11:34|c1,Numbers 11:34,Beha'alotcha,"And the name of that place was called {{c1::Kibroth}}-hattaavah, because there they buried the people that lusted.",Torah::Numbers::Beha'alotcha Type::AutoCloze
JPS1917|Numbers 11:34|c2,Numbers 11:34,Beha'alotcha,"And the name of that place was {{c1::called}} Kibroth-hattaavah, because there they buried the people that lusted.",Torah::Numbers::Beha'alotcha Type::AutoCloze
JPS1917|Numbers 11:35|c1,Numbers 11:35,Beha'alotcha,From {{c1::Kibroth}}-hattaavah the people journeyed unto Hazeroth; and they abode at Hazeroth.,Torah::Numbers::Beha'alotcha Type::AutoCloze
JPS1917|Numbers 11:35|c2,Numbers 11:35,Beha'alotcha,From Kibroth-hattaavah the people journeyed unto {{c1::Hazeroth}}; and they abode at Hazeroth.,Torah::Numbers::Beha'alotcha Type::AutoCloze
JPS1917|Numbers 12:1|c1,Numbers 12:1,Beha'alotcha,And {{c1::Miriam}} and Aaron spoke against Moses because of the Cushite woman whom he had married; for he had married a Cushite woman.,Torah::Numbers::Beha'alotcha Type::AutoCloze
JPS1917|Numbers 12:1|c2,Numbers 12:1,Beha'alotcha,And Miriam and {{c1::Aaron}} spoke against Moses because of the Cushite woman whom he had married; for he had married a Cushite woman.,Torah::Numbers::Beha'alotcha Type::AutoCloze
JPS1917|Numbers 12:2|c1,Numbers 12:2,Beha'alotcha,And they said: ‘{{c1::Hath}} the LORD indeed spoken only with Moses? hath He not spoken also with us?’ And the LORD heard it.—,Torah::Numbers::Beha'alotcha Type::AutoCloze
JPS1917|Numbers 12:2|c2,Numbers 12:2,Beha'alotcha,And they said: ‘Hath the LORD indeed spoken only with {{c1::Moses}}? hath He not spoken also with us?’ And the LORD heard it.—,Torah::Numbers::Beha'alotcha Type::AutoCloze
JPS1917|Numbers 12:3|c1,Numbers 12:3,Beha'alotcha,"Now the man {{c1::Moses}} was very meek, above all the men that were upon the face of the earth.—",Torah::Numbers::Beha'alotcha Type::AutoCloze
JPS1917|Numbers 12:4|c1,Numbers 12:4,Beha'alotcha,"And the LORD spoke suddenly unto {{c1::Moses}}, and unto Aaron, and unto Miriam: ‘Come out ye three unto the tent of meeting.’ And they three came out.",Torah::Numbers::Beha'alotcha Type::AutoCloze
JPS1917|Numbers 12:4|c2,Numbers 12:4,Beha'alotcha,"And the LORD spoke suddenly unto Moses, and unto {{c1::Aaron}}, and unto Miriam: ‘Come out ye three unto the tent of meeting.’ And they three came out.",Torah::Numbers::Beha'alotcha Type::AutoCloze
JPS1917|Numbers 12:5|c1,Numbers 12:5,Beha'alotcha,"And the LORD came down in a pillar of cloud, and stood at the door of the {{c1::Tent}}, and called Aaron and Miriam; and they both came forth.",Torah::Numbers::Beha'alotcha Type::AutoCloze
JPS1917|Numbers 12:5|c2,Numbers 12:5,Beha'alotcha,"And the LORD came down in a pillar of cloud, and stood at the door of the Tent, and called {{c1::Aaron}} and Miriam; and they both came forth.",Torah::Numbers::Beha'alotcha Type::AutoCloze
JPS1917|Numbers 12:6|c1,Numbers 12:6,Beha'alotcha,"And {{c1::He}} said: ‘Hear now My words: if there be a prophet among you, I the LORD do make Myself known unto him in a vision, I do speak with him in a dream.",Torah::Numbers::Beha'alotcha Type::AutoCloze
JPS1917|Numbers 12:6|c2,Numbers 12:6,Beha'alotcha,"And He said: ‘{{c1::Hear}} now My words: if there be a prophet among you, I the LORD do make Myself known unto him in a vision, I do speak with him in a dream.",Torah::Numbers::Beha'alotcha Type::AutoCloze
JPS1917|Numbers 12:7|c1,Numbers 12:7,Beha'alotcha,My servant {{c1::Moses}} is not so; he is trusted in all My house;,Torah::Numbers::Beha'alotcha Type::AutoCloze
JPS1917|Numbers 12:7|c2,Numbers 12:7,Beha'alotcha,My {{c1::servant}} Moses is not so; he is trusted in all My house;,Torah::Numbers::Beha'alotcha Type::AutoCloze
JPS1917|Numbers 12:8|c1,Numbers 12:8,Beha'alotcha,"with him do {{c1::I}} speak mouth to mouth, even manifestly, and not in dark speeches; and the similitude of the LORD doth he behold; wherefore then were ye not afraid to speak against My servant, against Moses?’",Torah::Numbers::Beha'alotcha Type::AutoCloze
JPS1917|Numbers 12:8|c2,Numbers 12:8,Beha'alotcha,"with him do I speak mouth to mouth, even manifestly, and not in dark speeches; and the similitude of the LORD doth he behold; wherefore then were ye not afraid to speak against {{c1::My}} servant, against Moses?’",Torah::Numbers::Beha'alotcha Type::AutoCloze
JPS1917|Numbers 12:9|c1,Numbers 12:9,Beha'alotcha,And the anger of the LORD was kindled against them; and {{c1::He}} departed.,Torah::Numbers::Beha'alotcha Type::AutoCloze
JPS1917|Numbers 12:9|c2,Numbers 12:9,Beha'alotcha,And the anger of the LORD was {{c1::kindled}} against them; and He departed.,Torah::Numbers::Beha'alotcha Type::AutoCloze
JPS1917|Numbers 12:10|c1,Numbers 12:10,Beha'alotcha,"And when the cloud was removed from over the {{c1::Tent}}, behold, Miriam was leprous, as white as snow; and Aaron looked upon Miriam; and, behold, she was leprous.",Torah::Numbers::Beha'alotcha Type::AutoCloze
JPS1917|Numbers 12:10|c2,Numbers 12:10,Beha'alotcha,"And when the cloud was removed from over the Tent, behold, {{c1::Miriam}} was leprous, as white as snow; and Aaron looked upon Miriam; and, behold, she was leprous.",Torah::Numbers::Beha'alotcha Type::AutoCloze
JPS1917|Numbers 12:11|c1,Numbers 12:11,Beha'alotcha,"And {{c1::Aaron}} said unto Moses: ‘Oh my lord, lay not, I pray thee, sin upon us, for that we have done foolishly, and for that we have sinned.",Torah::Numbers::Beha'alotcha Type::AutoCloze
JPS1917|Numbers 12:11|c2,Numbers 12:11,Beha'alotcha,"And Aaron said unto {{c1::Moses}}: ‘Oh my lord, lay not, I pray thee, sin upon us, for that we have done foolishly, and for that we have sinned.",Torah::Numbers::Beha'alotcha Type::AutoCloze
JPS1917|Numbers 12:12|c1,Numbers 12:12,Beha'alotcha,"Let her not, {{c1::I}} pray, be as one dead, of whom the flesh is half consumed when he cometh out of his mother’s womb.’",Torah::Numbers::Beha'alotcha Type::AutoCloze
JPS1917|Numbers 12:12|c2,Numbers 12:12,Beha'alotcha,"Let her not, I pray, be as one dead, of whom the flesh is half {{c1::consumed}} when he cometh out of his mother’s womb.’",Torah::Numbers::Beha'alotcha Type::AutoCloze
JPS1917|Numbers 12:13|c1,Numbers 12:13,Beha'alotcha,"And {{c1::Moses}} cried unto the LORD, saying: ‘Heal her now, O God, I beseech Thee.’",Torah::Numbers::Beha'alotcha Type::AutoCloze
JPS1917|Numbers 12:13|c2,Numbers 12:13,Beha'alotcha,"And Moses cried unto the LORD, saying: ‘{{c1::Heal}} her now, O God, I beseech Thee.’",Torah::Numbers::Beha'alotcha Type::AutoCloze
JPS1917|Numbers 12:14|c1,Numbers 12:14,Beha'alotcha,"And the LORD said unto {{c1::Moses}}: ‘If her father had but spit in her face, should she not hide in shame seven days? let her be shut up without the camp seven days, and after that she shall be brought in again.’",Torah::Numbers::Beha'alotcha Type::AutoCloze
JPS1917|Numbers 12:14|c2,Numbers 12:14,Beha'alotcha,"And the LORD said unto Moses: ‘{{c1::If}} her father had but spit in her face, should she not hide in shame seven days? let her be shut up without the camp seven days, and after that she shall be brought in again.’",Torah::Numbers::Beha'alotcha Type::AutoCloze
JPS1917|Numbers 12:15|c1,Numbers 12:15,Beha'alotcha,And {{c1::Miriam}} was shut up without the camp seven days; and the people journeyed not till Miriam was brought in again.,Torah::Numbers::Beha'alotcha Type::AutoCloze
JPS1917|Numbers 12:15|c2,Numbers 12:15,Beha'alotcha,And Miriam was shut up {{c1::without}} the camp seven days; and the people journeyed not till Miriam was brought in again.,Torah::Numbers::Beha'alotcha Type::AutoCloze
JPS1917|Numbers 12:16|c1,Numbers 12:16,Beha'alotcha,"And afterward the people journeyed from {{c1::Hazeroth}}, and pitched in the wilderness of Paran.",Torah::Numbers::Beha'alotcha Type::AutoCloze
JPS1917|Numbers 12:16|c2,Numbers 12:16,Beha'alotcha,"And afterward the people journeyed from Hazeroth, and pitched in the wilderness of {{c1::Paran}}.",Torah::Numbers::Beha'alotcha Type::AutoCloze
