JPS1917|Genesis 1:1|c1,In the {{c1::beginning}} God created the heaven and the earth.,Genesis 1:1 | Bereshit,Torah::Genesis::Bereshit Type::AutoCloze
JPS1917|Genesis 1:1|c2,In the beginning God {{c1::created}} the heaven and the earth.,Genesis 1:1 | Bereshit,Torah::Genesis::Bereshit Type::AutoCloze
JPS1917|Genesis 1:2|c1,"Now the earth was unformed and void, and darkness was upon the {{c1::face}} of the deep; and the spirit of God hovered over the face of the waters.",Genesis 1:2 | Bereshit,Torah::Genesis::Bereshit Type::AutoCloze
JPS1917|Genesis 1:2|c2,"Now the earth was unformed and void, and darkness was upon the face of the deep; and the spirit of God hovered over the {{c1::face}} of the waters.",Genesis 1:2 | Bereshit,Torah::Genesis::Bereshit Type::AutoCloze
JPS1917|Genesis 1:3|c1,And God said: ‘Let there be {{c1::light}}.’ And there was light.,Genesis 1:3 | Bereshit,Torah::Genesis::Bereshit Type::AutoCloze
JPS1917|Genesis 1:3|c2,And God said: ‘Let there be light.’ And there was {{c1::light}}.,Genesis 1:3 | Bereshit,Torah::Genesis::Bereshit Type::AutoCloze
JPS1917|Genesis 1:4|c1,"And God saw the {{c1::light}}, that it was good; and God divided the light from the darkness.",Genesis 1:4 | Bereshit,Torah::Genesis::Bereshit Type::AutoCloze
JPS1917|Genesis 1:4|c2,"And God saw the light, that it was good; and God divided the {{c1::light}} from the darkness.",Genesis 1:4 | Bereshit,Torah::Genesis::Bereshit Type::AutoCloze
JPS1917|Genesis 1:5|c1,"And God {{c1::called}} the light Day, and the darkness He called Night. And there was evening and there was morning, one day.",Genesis 1:5 | Bereshit,Torah::Genesis::Bereshit Type::AutoCloze
JPS1917|Genesis 1:5|c2,"And God called the light Day, and the darkness He {{c1::called}} Night. And there was evening and there was morning, one day.",Genesis 1:5 | Bereshit,Torah::Genesis::Bereshit Type::AutoCloze
JPS1917|Genesis 1:6|c1,"And God said: ‘Let there be a firmament in the midst of the {{c1::waters}}, and let it divide the waters from the waters.’",Genesis 1:6 | Bereshit,Torah::Genesis::Bereshit Type::AutoCloze
JPS1917|Genesis 1:6|c2,"And God said: ‘Let there be a firmament in the midst of the waters, and let it divide the waters from the {{c1::waters}}.’",Genesis 1:6 | Bereshit,Torah::Genesis::Bereshit Type::AutoCloze
JPS1917|Genesis 1:7|c1,"And God made the {{c1::firmament}}, and divided the waters which were under the firmament from the waters which were above the firmament; and it was so.",Genesis 1:7 | Bereshit,Torah::Genesis::Bereshit Type::AutoCloze
JPS1917|Genesis 1:7|c2,"And God made the firmament, and divided the waters which were under the firmament from the waters which were above the {{c1::firmament}}; and it was so.",Genesis 1:7 | Bereshit,Torah::Genesis::Bereshit Type::AutoCloze
JPS1917|Genesis 1:8|c1,"And God called the {{c1::firmament}} Heaven. And there was evening and there was morning, a second day.",Genesis 1:8 | Bereshit,Torah::Genesis::Bereshit Type::AutoCloze
JPS1917|Genesis 1:8|c2,"And God called the firmament Heaven. And there was evening and there was morning, a {{c1::second}} day.",Genesis 1:8 | Bereshit,Torah::Genesis::Bereshit Type::AutoCloze
JPS1917|Genesis 1:9|c1,"And God said: ‘{{c1::Let}} the waters under the heaven be gathered together unto one place, and let the dry land appear.’ And it was so.",Genesis 1:9 | Bereshit,Torah::Genesis::Bereshit Type::AutoCloze
JPS1917|Genesis 1:9|c2,"And God said: ‘Let the waters under the heaven be gathered together unto one place, and {{c1::let}} the dry land appear.’ And it was so.",Genesis 1:9 | Bereshit,Torah::Genesis::Bereshit Type::AutoCloze
JPS1917|Genesis 1:10|c1,"And God {{c1::called}} the dry land Earth, and the gathering together of the waters called He Seas; and God saw that it was good.",Genesis 1:10 | Bereshit,Torah::Genesis::Bereshit Type::AutoCloze
JPS1917|Genesis 1:10|c2,"And God called the dry land Earth, and the gathering together of the waters {{c1::called}} He Seas; and God saw that it was good.",Genesis 1:10 | Bereshit,Torah::Genesis::Bereshit Type::AutoCloze
JPS1917|Genesis 1:11|c1,"And God said: ‘Let the earth put forth grass, herb yielding {{c1::seed}}, and fruit-tree bearing fruit after its kind, wherein is the seed thereof, upon the earth.’ And it was so.",Genesis 1:11 | Bereshit,Torah::Genesis::Bereshit Type::AutoCloze
JPS1917|Genesis 1:11|c2,"And God said: ‘Let the earth put forth grass, herb yielding seed, and fruit-tree bearing fruit after its kind, wherein is the {{c1::seed}} thereof, upon the earth.’ And it was so.",Genesis 1:11 | Bereshit,Torah::Genesis::Bereshit Type::AutoCloze
JPS1917|Genesis 1:12|c1,"And the earth brought forth grass, herb yielding {{c1::seed}} after its kind, and tree bearing fruit, wherein is the seed thereof, after its kind; and God saw that it was good.",Genesis 1:12 | Bereshit,Torah::Genesis::Bereshit Type::AutoCloze
JPS1917|Genesis 1:12|c2,"And the earth brought forth grass, herb yielding seed after its kind, and tree bearing fruit, wherein is the seed thereof, after its {{c1::kind}}; and God saw that it was good.",Genesis 1:12 | Bereshit,Torah::Genesis::Bereshit Type::AutoCloze
JPS1917|Genesis 1:13|c1,"And there was {{c1::evening}} and there was morning, a third day.",Genesis 1:13 | Bereshit,Torah::Genesis::Bereshit Type::AutoCloze
JPS1917|Genesis 1:13|c2,"And there was evening and there was morning, a {{c1::third}} day.",Genesis 1:13 | Bereshit,Torah::Genesis::Bereshit Type::AutoCloze
JPS1917|Genesis 1:14|c1,"And God said: ‘{{c1::Let}} there be lights in the firmament of the heaven to divide the day from the night; and let them be for signs, and for seasons, and for days and years;",Genesis 1:14 | Bereshit,Torah::Genesis::Bereshit Type::AutoCloze
JPS1917|Genesis 1:14|c2,"And God said: ‘Let there be lights in the firmament of the heaven to divide the day from the night; and {{c1::let}} them be for signs, and for seasons, and for days and years;",Genesis 1:14 | Bereshit,Torah::Genesis::Bereshit Type::AutoCloze
JPS1917|Genesis 1:15|c1,and let them be for {{c1::lights}} in the firmament of the heaven to give light upon the earth.’ And it was so.,Genesis 1:15 | Bereshit,Torah::Genesis::Bereshit Type::AutoCloze
JPS1917|Genesis 1:15|c2,and let them be for lights in the {{c1::firmament}} of the heaven to give light upon the earth.’ And it was so.,Genesis 1:15 | Bereshit,Torah::Genesis::Bereshit Type::AutoCloze
JPS1917|Genesis 1:16|c1,"And God made the two great lights: the greater light to {{c1::rule}} the day, and the lesser light to rule the night; and the stars.",Genesis 1:16 | Bereshit,Torah::Genesis::Bereshit Type::AutoCloze
JPS1917|Genesis 1:16|c2,"And God made the two great lights: the greater light to rule the day, and the lesser light to {{c1::rule}} the night; and the stars.",Genesis 1:16 | Bereshit,Torah::Genesis::Bereshit Type::AutoCloze
JPS1917|Genesis 1:17|c1,"And God set them in the {{c1::firmament}} of the heaven to give light upon the earth,",Genesis 1:17 | Bereshit,Torah::Genesis::Bereshit Type::AutoCloze
JPS1917|Genesis 1:17|c2,"And God set them in the firmament of the heaven to {{c1::give}} light upon the earth,",Genesis 1:17 | Bereshit,Torah::Genesis::Bereshit Type::AutoCloze
JPS1917|Genesis 1:18|c1,"and to rule over the day and over the night, and to {{c1::divide}} the light from the darkness; and God saw that it was good.",Genesis 1:18 | Bereshit,Torah::Genesis::Bereshit Type::AutoCloze
JPS1917|Genesis 1:18|c2,"and to rule over the day and over the night, and to divide the light from the {{c1::darkness}}; and God saw that it was good.",Genesis 1:18 | Bereshit,Torah::Genesis::Bereshit Type::AutoCloze
JPS1917|Genesis 1:19|c1,"And there was {{c1::evening}} and there was morning, a fourth day.",Genesis 1:19 | Bereshit,Torah::Genesis::Bereshit Type::AutoCloze
JPS1917|Genesis 1:19|c2,"And there was evening and there was morning, a {{c1::fourth}} day.",Genesis 1:19 | Bereshit,Torah::Genesis::Bereshit Type::AutoCloze
JPS1917|Genesis 1:20|c1,"And God said: ‘{{c1::Let}} the waters swarm with swarms of living creatures, and let fowl fly above the earth in the open firmament of heaven.’",Genesis 1:20 | Bereshit,Torah::Genesis::Bereshit Type::AutoCloze
JPS1917|Genesis 1:20|c2,"And God said: ‘Let the waters swarm with swarms of living {{c1::creatures}}, and let fowl fly above the earth in the open firmament of heaven.’",Genesis 1:20 | Bereshit,Torah::Genesis::Bereshit Type::AutoCloze
JPS1917|Genesis 1:21|c1,"And God created the great sea-monsters, and every living creature that creepeth, wherewith the waters swarmed, after its {{c1::kind}}, and every winged fowl after its kind; and God saw that it was good.",Genesis 1:21 | Bereshit,Torah::Genesis::Bereshit Type::AutoCloze
JPS1917|Genesis 1:21|c2,"And God created the great sea-monsters, and every living creature that creepeth, wherewith the waters swarmed, after its kind, and every winged fowl after its {{c1::kind}}; and God saw that it was good.",Genesis 1:21 | Bereshit,Torah::Genesis::Bereshit Type::AutoCloze
JPS1917|Genesis 1:22|c1,"And God blessed them, saying: ‘Be fruitful, and {{c1::multiply}}, and fill the waters in the seas, and let fowl multiply in the earth.’",Genesis 1:22 | Bereshit,Torah::Genesis::Bereshit Type::AutoCloze
JPS1917|Genesis 1:22|c2,"And God blessed them, saying: ‘Be fruitful, and multiply, and fill the waters in the seas, and let fowl {{c1::multiply}} in the earth.’",Genesis 1:22 | Bereshit,Torah::Genesis::Bereshit Type::AutoCloze
JPS1917|Genesis 1:23|c1,"And there was {{c1::evening}} and there was morning, a fifth day.",Genesis 1:23 | Bereshit,Torah::Genesis::Bereshit Type::AutoCloze
JPS1917|Genesis 1:23|c2,"And there was evening and there was morning, a {{c1::fifth}} day.",Genesis 1:23 | Bereshit,Torah::Genesis::Bereshit Type::AutoCloze
JPS1917|Genesis 1:24|c1,"And God said: ‘Let the earth bring forth the living creature after its {{c1::kind}}, cattle, and creeping thing, and beast of the earth after its kind.’ And it was so.",Genesis 1:24 | Bereshit,Torah::Genesis::Bereshit Type::AutoCloze
JPS1917|Genesis 1:24|c2,"And God said: ‘Let the earth bring forth the living creature after its kind, cattle, and creeping thing, and beast of the earth after its {{c1::kind}}.’ And it was so.",Genesis 1:24 | Bereshit,Torah::Genesis::Bereshit Type::AutoCloze
JPS1917|Genesis 1:25|c1,"And God made the beast of the earth after its {{c1::kind}}, and the cattle after their kind, and every thing that creepeth upon the ground after its kind; and God saw that it was good.",Genesis 1:25 | Bereshit,Torah::Genesis::Bereshit Type::AutoCloze
JPS1917|Genesis 1:25|c2,"And God made the beast of the earth after its kind, and the cattle after their kind, and every thing that creepeth upon the ground after its {{c1::kind}}; and God saw that it was good.",Genesis 1:25 | Bereshit,Torah::Genesis::Bereshit Type::AutoCloze
JPS1917|Genesis 1:26|c1,"And God said: ‘Let us make man in {{c1::our}} image, after our likeness; and let them have dominion over the fish of the sea, and over the fowl of the air, and over the cattle, and over all the earth, and over every creeping thing that creepeth upon the earth.’",Genesis 1:26 | Bereshit,Torah::Genesis::Bereshit Type::AutoCloze
JPS1917|Genesis 1:26|c2,"And God said: ‘Let us make man in our image, after {{c1::our}} likeness; and let them have dominion over the fish of the sea, and over the fowl of the air, and over the cattle, and over all the earth, and over every creeping thing that creepeth upon the earth.’",Genesis 1:26 | Bereshit,Torah::Genesis::Bereshit Type::AutoCloze
JPS1917|Genesis 1:27|c1,"And God {{c1::created}} man in His own image, in the image of God created He him; male and female created He them.",Genesis 1:27 | Bereshit,Torah::Genesis::Bereshit Type::AutoCloze
JPS1917|Genesis 1:27|c2,"And God created man in His own image, in the image of God created He him; male and female {{c1::created}} He them.",Genesis 1:27 | Bereshit,Torah::Genesis::Bereshit Type::AutoCloze
JPS1917|Genesis 1:28|c1,"And God blessed them; and God said unto them: ‘Be {{c1::fruitful}}, and multiply, and replenish the earth, and subdue it; and have dominion over the fish of the sea, and over the fowl of the air, and over every living thing that creepeth upon the earth.’",Genesis 1:28 | Bereshit,Torah::Genesis::Bereshit Type::AutoCloze
JPS1917|Genesis 1:28|c2,"And God blessed them; and God said unto them: ‘Be fruitful, and multiply, and {{c1::replenish}} the earth, and subdue it; and have dominion over the fish of the sea, and over the fowl of the air, and over every living thing that creepeth upon the earth.’",Genesis 1:28 | Bereshit,Torah::Genesis::Bereshit Type::AutoCloze
JPS1917|Genesis 1:29|c1,"And God said: ‘Behold, I have given you every herb {{c1::yielding}} seed, which is upon the face of all the earth, and every tree, in which is the fruit of a tree yielding seed—to you it shall be for food;",Genesis 1:29 | Bereshit,Torah::Genesis::Bereshit Type::AutoCloze
JPS1917|Genesis 1:29|c2,"And God said: ‘Behold, I have given you every herb yielding seed, which is upon the face of all the earth, and every tree, in which is the fruit of a tree {{c1::yielding}} seed—to you it shall be for food;",Genesis 1:29 | Bereshit,Torah::Genesis::Bereshit Type::AutoCloze
JPS1917|Genesis 1:30|c1,"and to {{c1::every}} beast of the earth, and to every fowl of the air, and to every thing that creepeth upon the earth, wherein there is a living soul, [I have given] every green herb for food.’ And it was so.",Genesis 1:30 | Bereshit,Torah::Genesis::Bereshit Type::AutoCloze
JPS1917|Genesis 1:30|c2,"and to every beast of the earth, and to every fowl of the air, and to every thing that creepeth upon the earth, wherein there is a living soul, [I have given] {{c1::every}} green herb for food.’ And it was so.",Genesis 1:30 | Bereshit,Torah::Genesis::Bereshit Type::AutoCloze
JPS1917|Genesis 1:31|c1,"And God saw every thing that He had made, and, behold, it was very good. And there was {{c1::evening}} and there was morning, the sixth day.",Genesis 1:31 | Bereshit,Torah::Genesis::Bereshit Type::AutoCloze
JPS1917|Genesis 1:31|c2,"And God saw every thing that He had made, and, behold, it was very good. And there was evening and there was morning, the {{c1::sixth}} day.",Genesis 1:31 | Bereshit,Torah::Genesis::Bereshit Type::AutoCloze
JPS1917|Genesis 2:1|c1,"And the heaven and the earth were {{c1::finished}}, and all the host of them.",Genesis 2:1 | Bereshit,Torah::Genesis::Bereshit Type::AutoCloze
JPS1917|Genesis 2:1|c2,"And the heaven and the earth were finished, and all the {{c1::host}} of them.",Genesis 2:1 | Bereshit,Torah::Genesis::Bereshit Type::AutoCloze
JPS1917|Genesis 2:2|c1,And on the {{c1::seventh}} day God finished His work which He had made; and He rested on the seventh day from all His work which He had made.,Genesis 2:2 | Bereshit,Torah::Genesis::Bereshit Type::AutoCloze
JPS1917|Genesis 2:2|c2,And on the seventh day God finished His work which He had made; and He rested on the {{c1::seventh}} day from all His work which He had made.,Genesis 2:2 | Bereshit,Torah::Genesis::Bereshit Type::AutoCloze
JPS1917|Genesis 2:3|c1,"And God blessed the seventh day, and {{c1::hallowed}} it; because that in it He rested from all His work which God in creating had made.",Genesis 2:3 | Bereshit,Torah::Genesis::Bereshit Type::AutoCloze
JPS1917|Genesis 2:3|c2,"And God blessed the seventh day, and hallowed it; because that in it He rested from all His work which God in {{c1::creating}} had made.",Genesis 2:3 | Bereshit,Torah::Genesis::Bereshit Type::AutoCloze
JPS1917|Genesis 2:4|c1,"These are the generations of the {{c1::heaven}} and of the earth when they were created, in the day that the LORD God made earth and heaven.",Genesis 2:4 | Bereshit,Torah::Genesis::Bereshit Type::AutoCloze
JPS1917|Genesis 2:4|c2,"These are the generations of the heaven and of the earth when they were created, in the day that the LORD God made earth and {{c1::heaven}}.",Genesis 2:4 | Bereshit,Torah::Genesis::Bereshit Type::AutoCloze
JPS1917|Genesis 2:5|c1,"No shrub of the field was {{c1::yet}} in the earth, and no herb of the field had yet sprung up; for the LORD God had not caused it to rain upon the earth, and there was not a man to till the ground;",Genesis 2:5 | Bereshit,Torah::Genesis::Bereshit Type::AutoCloze
JPS1917|Genesis 2:5|c2,"No shrub of the field was yet in the earth, and no herb of the field had {{c1::yet}} sprung up; for the LORD God had not caused it to rain upon the earth, and there was not a man to till the ground;",Genesis 2:5 | Bereshit,Torah::Genesis::Bereshit Type::AutoCloze
JPS1917|Genesis 2:6|c1,"but there went up a {{c1::mist}} from the earth, and watered the whole face of the ground.",Genesis 2:6 | Bereshit,Torah::Genesis::Bereshit Type::AutoCloze
JPS1917|Genesis 2:6|c2,"but there went up a mist from the earth, and {{c1::watered}} the whole face of the ground.",Genesis 2:6 | Bereshit,Torah::Genesis::Bereshit Type::AutoCloze
JPS1917|Genesis 2:7|c1,"Then the LORD God formed man of the dust of the ground, and {{c1::breathed}} into his nostrils the breath of life; and man became a living soul.",Genesis 2:7 | Bereshit,Torah::Genesis::Bereshit Type::AutoCloze
JPS1917|Genesis 2:7|c2,"Then the LORD God formed man of the dust of the ground, and breathed into his {{c1::nostrils}} the breath of life; and man became a living soul.",Genesis 2:7 | Bereshit,Torah::Genesis::Bereshit Type::AutoCloze
JPS1917|Genesis 2:8|c1,"And the LORD God {{c1::planted}} a garden eastward, in Eden; and there He put the man whom He had formed.",Genesis 2:8 | Bereshit,Torah::Genesis::Bereshit Type::AutoCloze
JPS1917|Genesis 2:8|c2,"And the LORD God planted a garden {{c1::eastward}}, in Eden; and there He put the man whom He had formed.",Genesis 2:8 | Bereshit,Torah::Genesis::Bereshit Type::AutoCloze
JPS1917|Genesis 2:9|c1,"And out of the ground made the LORD God to grow every {{c1::tree}} that is pleasant to the sight, and good for food; the tree of life also in the midst of the garden, and the tree of the knowledge of good and evil.",Genesis 2:9 | Bereshit,Torah::Genesis::Bereshit Type::AutoCloze
JPS1917|Genesis 2:9|c2,"And out of the ground made the LORD God to grow every tree that is pleasant to the sight, and good for food; the tree of life also in the midst of the garden, and the {{c1::tree}} of the knowledge of good and evil.",Genesis 2:9 | Bereshit,Torah::Genesis::Bereshit Type::AutoCloze
JPS1917|Genesis 2:10|c1,"And a river went out of Eden to water the garden; and from {{c1::thence}} it was parted, and became four heads.",Genesis 2:10 | Bereshit,Torah::Genesis::Bereshit Type::AutoCloze
JPS1917|Genesis 2:10|c2,"And a river went out of Eden to water the garden; and from thence it was {{c1::parted}}, and became four heads.",Genesis 2:10 | Bereshit,Torah::Genesis::Bereshit Type::AutoCloze
JPS1917|Genesis 2:11|c1,"The name of the first is Pishon; that is it which {{c1::compasseth}} the whole land of Havilah, where there is gold;",Genesis 2:11 | Bereshit,Torah::Genesis::Bereshit Type::AutoCloze
JPS1917|Genesis 2:11|c2,"The name of the first is Pishon; that is it which compasseth the whole land of {{c1::Havilah}}, where there is gold;",Genesis 2:11 | Bereshit,Torah::Genesis::Bereshit Type::AutoCloze
JPS1917|Genesis 2:12|c1,and the gold of that land is good; there is {{c1::bdellium}} and the onyx stone.,Genesis 2:12 | Bereshit,Torah::Genesis::Bereshit Type::AutoCloze
JPS1917|Genesis 2:12|c2,and the gold of that land is good; there is bdellium and the onyx {{c1::stone}}.,Genesis 2:12 | Bereshit,Torah::Genesis::Bereshit Type::AutoCloze
JPS1917|Genesis 2:13|c1,And the name of the second river is {{c1::Gihon}}; the same is it that compasseth the whole land of Cush.,Genesis 2:13 | Bereshit,Torah::Genesis::Bereshit Type::AutoCloze
JPS1917|Genesis 2:13|c2,And the name of the second river is Gihon; the same is it that {{c1::compasseth}} the whole land of Cush.,Genesis 2:13 | Bereshit,Torah::Genesis::Bereshit Type::AutoCloze
JPS1917|Genesis 2:14|c1,And the name of the third {{c1::river}} is Tigris; that is it which goeth toward the east of Asshur. And the fourth river is the Euphrates.,Genesis 2:14 | Bereshit,Torah::Genesis::Bereshit Type::AutoCloze
JPS1917|Genesis 2:14|c2,And the name of the third river is Tigris; that is it which goeth toward the east of Asshur. And the fourth {{c1::river}} is the Euphrates.,Genesis 2:14 | Bereshit,Torah::Genesis::Bereshit Type::AutoCloze
JPS1917|Genesis 2:15|c1,"And the LORD God took the man, and put him into the garden of Eden to {{c1::dress}} it and to keep it.",Genesis 2:15 | Bereshit,Torah::Genesis::Bereshit Type::AutoCloze
JPS1917|Genesis 2:15|c2,"And the LORD God took the man, and put him into the garden of Eden to dress it and to {{c1::keep}} it.",Genesis 2:15 | Bereshit,Torah::Genesis::Bereshit Type::AutoCloze
JPS1917|Genesis 2:16|c1,"And the LORD God {{c1::commanded}} the man, saying: ‘Of every tree of the garden thou mayest freely eat;",Genesis 2:16 | Bereshit,Torah::Genesis::Bereshit Type::AutoCloze
JPS1917|Genesis 2:16|c2,"And the LORD God commanded the man, saying: ‘Of every tree of the garden thou mayest {{c1::freely}} eat;",Genesis 2:16 | Bereshit,Torah::Genesis::Bereshit Type::AutoCloze
JPS1917|Genesis 2:17|c1,"but of the tree of the knowledge of good and evil, {{c1::thou}} shalt not eat of it; for in the day that thou eatest thereof thou shalt surely die.’",Genesis 2:17 | Bereshit,Torah::Genesis::Bereshit Type::AutoCloze
JPS1917|Genesis 2:17|c2,"but of the tree of the knowledge of good and evil, thou shalt not eat of it; for in the day that thou eatest thereof {{c1::thou}} shalt surely die.’",Genesis 2:17 | Bereshit,Torah::Genesis::Bereshit Type::AutoCloze
JPS1917|Genesis 2:18|c1,And the LORD God said: ‘It is not good that the man {{c1::should}} be alone; I will make him a help meet for him.’,Genesis 2:18 | Bereshit,Torah::Genesis::Bereshit Type::AutoCloze
JPS1917|Genesis 2:18|c2,And the LORD God said: ‘It is not good that the man should be {{c1::alone}}; I will make him a help meet for him.’,Genesis 2:18 | Bereshit,Torah::Genesis::Bereshit Type::AutoCloze
JPS1917|Genesis 2:19|c1,"And out of the ground the LORD God formed every beast of the field, and every fowl of the air; and brought them unto the man to see what he {{c1::would}} call them; and whatsoever the man would call every living creature, that was to be the name thereof.",Genesis 2:19 | Bereshit,Torah::Genesis::Bereshit Type::AutoCloze
JPS1917|Genesis 2:19|c2,"And out of the ground the LORD God formed every beast of the field, and every fowl of the air; and brought them unto the man to see what he would call them; and whatsoever the man {{c1::would}} call every living creature, that was to be the name thereof.",Genesis 2:19 | Bereshit,Torah::Genesis::Bereshit Type::AutoCloze
JPS1917|Genesis 2:20|c1,"And the man gave {{c1::names}} to all cattle, and to the fowl of the air, and to every beast of the field; but for Adam there was not found a help meet for him.",Genesis 2:20 | Bereshit,Torah::Genesis::Bereshit Type::AutoCloze
JPS1917|Genesis 2:20|c2,"And the man gave names to all cattle, and to the fowl of the air, and to every beast of the field; but for Adam there was not {{c1::found}} a help meet for him.",Genesis 2:20 | Bereshit,Torah::Genesis::Bereshit Type::AutoCloze
JPS1917|Genesis 2:21|c1,"And the LORD God caused a deep sleep to fall upon the man, and he slept; and He took one of his ribs, and {{c1::closed}} up the place with flesh instead thereof.",Genesis 2:21 | Bereshit,Torah::Genesis::Bereshit Type::AutoCloze
JPS1917|Genesis 2:21|c2,"And the LORD God caused a deep sleep to fall upon the man, and he slept; and He took one of his ribs, and closed up the place with flesh {{c1::instead}} thereof.",Genesis 2:21 | Bereshit,Torah::Genesis::Bereshit Type::AutoCloze
JPS1917|Genesis 2:22|c1,"And the {{c1::rib}}, which the LORD God had taken from the man, made He a woman, and brought her unto the man.",Genesis 2:22 | Bereshit,Torah::Genesis::Bereshit Type::AutoCloze
JPS1917|Genesis 2:22|c2,"And the rib, which the LORD God had taken from the man, made He a woman, and {{c1::brought}} her unto the man.",Genesis 2:22 | Bereshit,Torah::Genesis::Bereshit Type::AutoCloze
JPS1917|Genesis 2:23|c1,"And the man said: ‘This is now bone of my bones, and {{c1::flesh}} of my flesh; she shall be called Woman, because she was taken out of Man.’",Genesis 2:23 | Bereshit,Torah::Genesis::Bereshit Type::AutoCloze
JPS1917|Genesis 2:23|c2,"And the man said: ‘This is now bone of my bones, and flesh of my {{c1::flesh}}; she shall be called Woman, because she was taken out of Man.’",Genesis 2:23 | Bereshit,Torah::Genesis::Bereshit Type::AutoCloze
JPS1917|Genesis 2:24|c1,"{{c1::Therefore}} shall a man leave his father and his mother, and shall cleave unto his wife, and they shall be one flesh.",Genesis 2:24 | Bereshit,Torah::Genesis::Bereshit Type::AutoCloze
JPS1917|Genesis 2:24|c2,"Therefore shall a man leave his father and his mother, and shall {{c1::cleave}} unto his wife, and they shall be one flesh.",Genesis 2:24 | Bereshit,Torah::Genesis::Bereshit Type::AutoCloze
JPS1917|Genesis 2:25|c1,"And they were both {{c1::naked}}, the man and his wife, and were not ashamed.",Genesis 2:25 | Bereshit,Torah::Genesis::Bereshit Type::AutoCloze
JPS1917|Genesis 2:25|c2,"And they were both naked, the man and his wife, and were not {{c1::ashamed}}.",Genesis 2:25 | Bereshit,Torah::Genesis::Bereshit Type::AutoCloze
JPS1917|Genesis 3:1|c1,"Now the serpent was more subtle than {{c1::any}} beast of the field which the LORD God had made. And he said unto the woman: ‘Yea, hath God said: Ye shall not eat of any tree of the garden?’",Genesis 3:1 | Bereshit,Torah::Genesis::Bereshit Type::AutoCloze
JPS1917|Genesis 3:1|c2,"Now the serpent was more subtle than any beast of the field which the LORD God had made. And he said unto the woman: ‘Yea, hath God said: Ye shall not eat of {{c1::any}} tree of the garden?’",Genesis 3:1 | Bereshit,Torah::Genesis::Bereshit Type::AutoCloze
JPS1917|Genesis 3:2|c1,And the woman said unto the {{c1::serpent}}: ‘Of the fruit of the trees of the garden we may eat;,Genesis 3:2 | Bereshit,Torah::Genesis::Bereshit Type::AutoCloze
JPS1917|Genesis 3:2|c2,And the woman said unto the serpent: ‘Of the fruit of the {{c1::trees}} of the garden we may eat;,Genesis 3:2 | Bereshit,Torah::Genesis::Bereshit Type::AutoCloze
JPS1917|Genesis 3:3|c1,"but of the fruit of the tree which is in the midst of the garden, God hath said: {{c1::Ye}} shall not eat of it, neither shall ye touch it, lest ye die.’",Genesis 3:3 | Bereshit,Torah::Genesis::Bereshit Type::AutoCloze
JPS1917|Genesis 3:3|c2,"but of the fruit of the tree which is in the midst of the garden, God hath said: Ye shall not eat of it, neither shall ye touch it, lest {{c1::ye}} die.’",Genesis 3:3 | Bereshit,Torah::Genesis::Bereshit Type::AutoCloze
JPS1917|Genesis 3:4|c1,And the {{c1::serpent}} said unto the woman: ‘Ye shall not surely die;,Genesis 3:4 | Bereshit,Torah::Genesis::Bereshit Type::AutoCloze
JPS1917|Genesis 3:4|c2,And the serpent said unto the woman: ‘Ye shall not {{c1::surely}} die;,Genesis 3:4 | Bereshit,Torah::Genesis::Bereshit Type::AutoCloze
JPS1917|Genesis 3:5|c1,"for God doth know that in the day {{c1::ye}} eat thereof, then your eyes shall be opened, and ye shall be as God, knowing good and evil.’",Genesis 3:5 | Bereshit,Torah::Genesis::Bereshit Type::AutoCloze
JPS1917|Genesis 3:5|c2,"for God doth know that in the day ye eat thereof, then your eyes shall be opened, and {{c1::ye}} shall be as God, knowing good and evil.’",Genesis 3:5 | Bereshit,Torah::Genesis::Bereshit Type::AutoCloze
JPS1917|Genesis 3:6|c1,"And when the woman saw that the tree was good for food, and that it was a delight to the eyes, and that the tree was to be desired to make one wise, she took of the fruit thereof, and {{c1::did}} eat; and she gave also unto her husband with her, and he did eat.",Genesis 3:6 | Bereshit,Torah::Genesis::Bereshit Type::AutoCloze
JPS1917|Genesis 3:6|c2,"And when the woman saw that the tree was good for food, and that it was a delight to the eyes, and that the tree was to be desired to make one wise, she took of the fruit thereof, and did eat; and she gave also unto her husband with her, and he {{c1::did}} eat.",Genesis 3:6 | Bereshit,Torah::Genesis::Bereshit Type::AutoCloze
JPS1917|Genesis 3:7|c1,"And the eyes of them both were opened, and {{c1::they}} knew that they were naked; and they sewed fig-leaves together, and made themselves girdles.",Genesis 3:7 | Bereshit,Torah::Genesis::Bereshit Type::AutoCloze
JPS1917|Genesis 3:7|c2,"And the eyes of them both were opened, and they knew that they were naked; and {{c1::they}} sewed fig-leaves together, and made themselves girdles.",Genesis 3:7 | Bereshit,Torah::Genesis::Bereshit Type::AutoCloze
JPS1917|Genesis 3:8|c1,And they heard the voice of the LORD God walking in the {{c1::garden}} toward the cool of the day; and the man and his wife hid themselves from the presence of the LORD God amongst the trees of the garden.,Genesis 3:8 | Bereshit,Torah::Genesis::Bereshit Type::AutoCloze
JPS1917|Genesis 3:8|c2,And they heard the voice of the LORD God walking in the garden toward the cool of the day; and the man and his wife hid themselves from the presence of the LORD God amongst the trees of the {{c1::garden}}.,Genesis 3:8 | Bereshit,Torah::Genesis::Bereshit Type::AutoCloze
JPS1917|Genesis 3:9|c1,"And the LORD God called {{c1::unto}} the man, and said unto him: ‘Where art thou?’",Genesis 3:9 | Bereshit,Torah::Genesis::Bereshit Type::AutoCloze
JPS1917|Genesis 3:9|c2,"And the LORD God called unto the man, and said {{c1::unto}} him: ‘Where art thou?’",Genesis 3:9 | Bereshit,Torah::Genesis::Bereshit Type::AutoCloze
JPS1917|Genesis 3:10|c1,"And he said: ‘{{c1::I}} heard Thy voice in the garden, and I was afraid, because I was naked; and I hid myself.’",Genesis 3:10 | Bereshit,Torah::Genesis::Bereshit Type::AutoCloze
JPS1917|Genesis 3:10|c2,"And he said: ‘I heard Thy voice in the garden, and I was afraid, because I was naked; and {{c1::I}} hid myself.’",Genesis 3:10 | Bereshit,Torah::Genesis::Bereshit Type::AutoCloze
JPS1917|Genesis 3:11|c1,"And He said: ‘Who told thee that {{c1::thou}} wast naked? Hast thou eaten of the tree, whereof I commanded thee that thou shouldest not eat?’",Genesis 3:11 | Bereshit,Torah::Genesis::Bereshit Type::AutoCloze
JPS1917|Genesis 3:11|c2,"And He said: ‘Who told thee that thou wast naked? Hast thou eaten of the tree, whereof I commanded thee that {{c1::thou}} shouldest not eat?’",Genesis 3:11 | Bereshit,Torah::Genesis::Bereshit Type::AutoCloze
JPS1917|Genesis 3:12|c1,"And the man said: ‘The woman whom Thou gavest to be with {{c1::me}}, she gave me of the tree, and I did eat.’",Genesis 3:12 | Bereshit,Torah::Genesis::Bereshit Type::AutoCloze
JPS1917|Genesis 3:12|c2,"And the man said: ‘The woman whom Thou gavest to be with me, she gave {{c1::me}} of the tree, and I did eat.’",Genesis 3:12 | Bereshit,Torah::Genesis::Bereshit Type::AutoCloze
JPS1917|Genesis 3:13|c1,"And the LORD God said unto the {{c1::woman}}: ‘What is this thou hast done?’ And the woman said: ‘The serpent beguiled me, and I did eat.’",Genesis 3:13 | Bereshit,Torah::Genesis::Bereshit Type::AutoCloze
JPS1917|Genesis 3:13|c2,"And the LORD God said unto the woman: ‘What is this thou hast done?’ And the {{c1::woman}} said: ‘The serpent beguiled me, and I did eat.’",Genesis 3:13 | Bereshit,Torah::Genesis::Bereshit Type::AutoCloze
JPS1917|Genesis 3:14|c1,"And the LORD God said unto the serpent: ‘Because {{c1::thou}} hast done this, cursed art thou from among all cattle, and from among all beasts of the field; upon thy belly shalt thou go, and dust shalt thou eat all the days of thy life.",Genesis 3:14 | Bereshit,Torah::Genesis::Bereshit Type::AutoCloze
JPS1917|Genesis 3:14|c2,"And the LORD God said unto the serpent: ‘Because thou hast done this, cursed art thou from among all cattle, and from among all beasts of the field; upon thy belly shalt thou go, and dust shalt {{c1::thou}} eat all the days of thy life.",Genesis 3:14 | Bereshit,Torah::Genesis::Bereshit Type::AutoCloze
JPS1917|Genesis 3:15|c1,"And I will put enmity {{c1::between}} thee and the woman, and between thy seed and her seed; they shall bruise thy head, and thou shalt bruise their heel.’",Genesis 3:15 | Bereshit,Torah::Genesis::Bereshit Type::AutoCloze
JPS1917|Genesis 3:15|c2,"And I will put enmity between thee and the woman, and {{c1::between}} thy seed and her seed; they shall bruise thy head, and thou shalt bruise their heel.’",Genesis 3:15 | Bereshit,Torah::Genesis::Bereshit Type::AutoCloze
JPS1917|Genesis 3:16|c1,"Unto the woman He said: ‘I will greatly multiply {{c1::thy}} pain and thy travail; in pain thou shalt bring forth children; and thy desire shall be to thy husband, and he shall rule over thee.’",Genesis 3:16 | Bereshit,Torah::Genesis::Bereshit Type::AutoCloze
JPS1917|Genesis 3:16|c2,"Unto the woman He said: ‘I will greatly multiply thy pain and thy travail; in pain thou shalt bring forth children; and thy desire shall be to {{c1::thy}} husband, and he shall rule over thee.’",Genesis 3:16 | Bereshit,Torah::Genesis::Bereshit Type::AutoCloze
JPS1917|Genesis 3:17|c1,"And unto Adam He said: ‘Because thou hast hearkened unto the voice of {{c1::thy}} wife, and hast eaten of the tree, of which I commanded thee, saying: Thou shalt not eat of it; cursed is the ground for thy sake; in toil shalt thou eat of it all the days of thy life.",Genesis 3:17 | Bereshit,Torah::Genesis::Bereshit Type::AutoCloze
JPS1917|Genesis 3:17|c2,"And unto Adam He said: ‘Because thou hast hearkened unto the voice of thy wife, and hast eaten of the tree, of which I commanded thee, saying: Thou shalt not eat of it; cursed is the ground for thy sake; in toil shalt thou eat of it all the days of {{c1::thy}} life.",Genesis 3:17 | Bereshit,Torah::Genesis::Bereshit Type::AutoCloze
JPS1917|Genesis 3:18|c1,{{c1::Thorns}} also and thistles shall it bring forth to thee; and thou shalt eat the herb of the field.,Genesis 3:18 | Bereshit,Torah::Genesis::Bereshit Type::AutoCloze
JPS1917|Genesis 3:18|c2,Thorns also and {{c1::thistles}} shall it bring forth to thee; and thou shalt eat the herb of the field.,Genesis 3:18 | Bereshit,Torah::Genesis::Bereshit Type::AutoCloze
JPS1917|Genesis 3:19|c1,"In the sweat of thy face shalt {{c1::thou}} eat bread, till thou return unto the ground; for out of it wast thou taken; for dust thou art, and unto dust shalt thou return.’",Genesis 3:19 | Bereshit,Torah::Genesis::Bereshit Type::AutoCloze
JPS1917|Genesis 3:19|c2,"In the sweat of thy face shalt thou eat bread, till thou return unto the ground; for out of it wast thou taken; for dust thou art, and unto dust shalt {{c1::thou}} return.’",Genesis 3:19 | Bereshit,Torah::Genesis::Bereshit Type::AutoCloze
JPS1917|Genesis 3:20|c1,And the man called his wife’s name Eve; {{c1::because}} she was the mother of all living.,Genesis 3:20 | Bereshit,Torah::Genesis::Bereshit Type::AutoCloze
JPS1917|Genesis 3:20|c2,And the man called his wife’s name Eve; because she was the {{c1::mother}} of all living.,Genesis 3:20 | Bereshit,Torah::Genesis::Bereshit Type::AutoCloze
JPS1917|Genesis 3:21|c1,"And the LORD God made for Adam and for his wife {{c1::garments}} of skins, and clothed them.",Genesis 3:21 | Bereshit,Torah::Genesis::Bereshit Type::AutoCloze
JPS1917|Genesis 3:21|c2,"And the LORD God made for Adam and for his wife garments of skins, and {{c1::clothed}} them.",Genesis 3:21 | Bereshit,Torah::Genesis::Bereshit Type::AutoCloze
JPS1917|Genesis 3:22|c1,"And the LORD God said: ‘Behold, the man is {{c1::become}} as one of us, to know good and evil; and now, lest he put forth his hand, and take also of the tree of life, and eat, and live for ever.’",Genesis 3:22 | Bereshit,Torah::Genesis::Bereshit Type::AutoCloze
JPS1917|Genesis 3:22|c2,"And the LORD God said: ‘Behold, the man is become as one of us, to know good and evil; and now, lest he put forth his hand, and {{c1::take}} also of the tree of life, and eat, and live for ever.’",Genesis 3:22 | Bereshit,Torah::Genesis::Bereshit Type::AutoCloze
JPS1917|Genesis 3:23|c1,"{{c1::Therefore}} the LORD God sent him forth from the garden of Eden, to till the ground from whence he was taken.",Genesis 3:23 | Bereshit,Torah::Genesis::Bereshit Type::AutoCloze
JPS1917|Genesis 3:23|c2,"Therefore the LORD God sent him forth from the garden of Eden, to till the ground from {{c1::whence}} he was taken.",Genesis 3:23 | Bereshit,Torah::Genesis::Bereshit Type::AutoCloze
JPS1917|Genesis 3:24|c1,"So He drove out the man; and He placed at the east of the garden of Eden the cherubim, and the flaming sword which turned every {{c1::way}}, to keep the way to the tree of life.",Genesis 3:24 | Bereshit,Torah::Genesis::Bereshit Type::AutoCloze
JPS1917|Genesis 3:24|c2,"So He drove out the man; and He placed at the east of the garden of Eden the cherubim, and the flaming sword which turned every way, to keep the {{c1::way}} to the tree of life.",Genesis 3:24 | Bereshit,Torah::Genesis::Bereshit Type::AutoCloze
JPS1917|Genesis 4:1|c1,"And the man knew Eve his wife; and she {{c1::conceived}} and bore Cain, and said: ‘I have agotten a man with the help of the LORD.’",Genesis 4:1 | Bereshit,Torah::Genesis::Bereshit Type::AutoCloze
JPS1917|Genesis 4:1|c2,"And the man knew Eve his wife; and she conceived and bore Cain, and said: ‘I have {{c1::agotten}} a man with the help of the LORD.’",Genesis 4:1 | Bereshit,Torah::Genesis::Bereshit Type::AutoCloze
JPS1917|Genesis 4:2|c1,"And again she bore his brother {{c1::Abel}}. And Abel was a keeper of sheep, but Cain was a tiller of the ground.",Genesis 4:2 | Bereshit,Torah::Genesis::Bereshit Type::AutoCloze
JPS1917|Genesis 4:2|c2,"And again she bore his brother Abel. And {{c1::Abel}} was a keeper of sheep, but Cain was a tiller of the ground.",Genesis 4:2 | Bereshit,Torah::Genesis::Bereshit Type::AutoCloze
JPS1917|Genesis 4:3|c1,"And in {{c1::process}} of time it came to pass, that Cain brought of the fruit of the ground an offering unto the LORD.",Genesis 4:3 | Bereshit,Torah::Genesis::Bereshit Type::AutoCloze
JPS1917|Genesis 4:3|c2,"And in process of time it came to pass, that Cain brought of the fruit of the ground an {{c1::offering}} unto the LORD.",Genesis 4:3 | Bereshit,Torah::Genesis::Bereshit Type::AutoCloze
JPS1917|Genesis 4:4|c1,"And {{c1::Abel}}, he also brought of the firstlings of his flock and of the fat thereof. And the LORD had respect unto Abel and to his offering;",Genesis 4:4 | Bereshit,Torah::Genesis::Bereshit Type::AutoCloze
JPS1917|Genesis 4:4|c2,"And Abel, he also brought of the firstlings of his flock and of the fat thereof. And the LORD had respect unto {{c1::Abel}} and to his offering;",Genesis 4:4 | Bereshit,Torah::Genesis::Bereshit Type::AutoCloze
JPS1917|Genesis 4:5|c1,"but unto {{c1::Cain}} and to his offering He had not respect. And Cain was very wroth, and his countenance fell.",Genesis 4:5 | Bereshit,Torah::Genesis::Bereshit Type::AutoCloze
JPS1917|Genesis 4:5|c2,"but unto Cain and to his offering He had not respect. And Cain was very wroth, and his {{c1::countenance}} fell.",Genesis 4:5 | Bereshit,Torah::Genesis::Bereshit Type::AutoCloze
JPS1917|Genesis 4:6|c1,And the LORD said unto Cain: ‘{{c1::Why}} art thou wroth? and why is thy countenance fallen?,Genesis 4:6 | Bereshit,Torah::Genesis::Bereshit Type::AutoCloze
JPS1917|Genesis 4:6|c2,And the LORD said unto Cain: ‘Why art thou wroth? and {{c1::why}} is thy countenance fallen?,Genesis 4:6 | Bereshit,Torah::Genesis::Bereshit Type::AutoCloze
JPS1917|Genesis 4:7|c1,"If thou {{c1::doest}} well, shall it not be lifted up? and if thou doest not well, sin coucheth at the door; and unto thee is its desire, but thou mayest rule over it.’",Genesis 4:7 | Bereshit,Torah::Genesis::Bereshit Type::AutoCloze
JPS1917|Genesis 4:7|c2,"If thou doest well, shall it not be lifted up? and if thou {{c1::doest}} not well, sin coucheth at the door; and unto thee is its desire, but thou mayest rule over it.’",Genesis 4:7 | Bereshit,Torah::Genesis::Bereshit Type::AutoCloze
JPS1917|Genesis 4:8|c1,"And Cain spoke unto Abel his {{c1::brother}}. And it came to pass, when they were in the field, that Cain rose up against Abel his brother, and slew him.",Genesis 4:8 | Bereshit,Torah::Genesis::Bereshit Type::AutoCloze
JPS1917|Genesis 4:8|c2,"And Cain spoke unto Abel his brother. And it came to pass, when they were in the field, that Cain rose up against Abel his {{c1::brother}}, and slew him.",Genesis 4:8 | Bereshit,Torah::Genesis::Bereshit Type::AutoCloze
JPS1917|Genesis 4:9|c1,And the LORD said unto Cain: ‘Where is Abel thy {{c1::brother}}?’ And he said: ‘I know not; am I my brother’s keeper?’,Genesis 4:9 | Bereshit,Torah::Genesis::Bereshit Type::AutoCloze
JPS1917|Genesis 4:9|c2,And the LORD said unto Cain: ‘Where is Abel thy brother?’ And he said: ‘I know not; am I my {{c1::brother}}’s keeper?’,Genesis 4:9 | Bereshit,Torah::Genesis::Bereshit Type::AutoCloze
JPS1917|Genesis 4:10|c1,And He said: ‘What hast thou done? the voice of thy brother’s {{c1::blood}} crieth unto Me from the ground.,Genesis 4:10 | Bereshit,Torah::Genesis::Bereshit Type::AutoCloze
JPS1917|Genesis 4:10|c2,And He said: ‘What hast thou done? the voice of thy brother’s blood {{c1::crieth}} unto Me from the ground.,Genesis 4:10 | Bereshit,Torah::Genesis::Bereshit Type::AutoCloze
JPS1917|Genesis 4:11|c1,"And now cursed art thou from the ground, which hath opened her mouth to receive {{c1::thy}} brother’s blood from thy hand.",Genesis 4:11 | Bereshit,Torah::Genesis::Bereshit Type::AutoCloze
JPS1917|Genesis 4:11|c2,"And now cursed art thou from the ground, which hath opened her mouth to receive thy brother’s blood from {{c1::thy}} hand.",Genesis 4:11 | Bereshit,Torah::Genesis::Bereshit Type::AutoCloze
JPS1917|Genesis 4:12|c1,"When thou tillest the ground, it shall not {{c1::henceforth}} yield unto thee her strength; a fugitive and a wanderer shalt thou be in the earth.’",Genesis 4:12 | Bereshit,Torah::Genesis::Bereshit Type::AutoCloze
JPS1917|Genesis 4:12|c2,"When thou tillest the ground, it shall not henceforth yield unto thee her {{c1::strength}}; a fugitive and a wanderer shalt thou be in the earth.’",Genesis 4:12 | Bereshit,Torah::Genesis::Bereshit Type::AutoCloze
JPS1917|Genesis 4:13|c1,And Cain said unto the LORD: ‘My {{c1::punishment}} is greater than I can bear.,Genesis 4:13 | Bereshit,Torah::Genesis::Bereshit Type::AutoCloze
JPS1917|Genesis 4:13|c2,And Cain said unto the LORD: ‘My punishment is {{c1::greater}} than I can bear.,Genesis 4:13 | Bereshit,Torah::Genesis::Bereshit Type::AutoCloze
JPS1917|Genesis 4:14|c1,"Behold, Thou hast driven {{c1::me}} out this day from the face of the land; and from Thy face shall I be hid; and I shall be a fugitive and a wanderer in the earth; and it will come to pass, that whosoever findeth me will slay me.’",Genesis 4:14 | Bereshit,Torah::Genesis::Bereshit Type::AutoCloze
JPS1917|Genesis 4:14|c2,"Behold, Thou hast driven me out this day from the face of the land; and from Thy face shall I be hid; and I shall be a fugitive and a wanderer in the earth; and it will come to pass, that whosoever findeth me will slay {{c1::me}}.’",Genesis 4:14 | Bereshit,Torah::Genesis::Bereshit Type::AutoCloze
JPS1917|Genesis 4:15|c1,"And the LORD said unto him: ‘Therefore {{c1::whosoever}} slayeth Cain, vengeance shall be taken on him sevenfold.’ And the LORD set a sign for Cain, lest any finding him should smite him.",Genesis 4:15 | Bereshit,Torah::Genesis::Bereshit Type::AutoCloze
JPS1917|Genesis 4:15|c2,"And the LORD said unto him: ‘Therefore whosoever slayeth Cain, {{c1::vengeance}} shall be taken on him sevenfold.’ And the LORD set a sign for Cain, lest any finding him should smite him.",Genesis 4:15 | Bereshit,Torah::Genesis::Bereshit Type::AutoCloze
JPS1917|Genesis 4:16|c1,"And Cain went out from the {{c1::presence}} of the LORD, and dwelt in the land of Nod, on the east of Eden.",Genesis 4:16 | Bereshit,Torah::Genesis::Bereshit Type::AutoCloze
JPS1917|Genesis 4:16|c2,"And Cain went out from the presence of the LORD, and {{c1::dwelt}} in the land of Nod, on the east of Eden.",Genesis 4:16 | Bereshit,Torah::Genesis::Bereshit Type::AutoCloze
JPS1917|Genesis 4:17|c1,"And Cain knew his wife; and she conceived, and bore Enoch; and he builded a {{c1::city}}, and called the name of the city after the name of his son Enoch.",Genesis 4:17 | Bereshit,Torah::Genesis::Bereshit Type::AutoCloze
JPS1917|Genesis 4:17|c2,"And Cain knew his wife; and she conceived, and bore Enoch; and he builded a city, and called the name of the {{c1::city}} after the name of his son Enoch.",Genesis 4:17 | Bereshit,Torah::Genesis::Bereshit Type::AutoCloze
JPS1917|Genesis 4:18|c1,And unto Enoch was born Irad; and Irad begot Mehujael; and Mehujael begot {{c1::Methushael}}; and Methushael begot Lamech.,Genesis 4:18 | Bereshit,Torah::Genesis::Bereshit Type::AutoCloze
JPS1917|Genesis 4:18|c2,And unto Enoch was born Irad; and Irad begot Mehujael; and Mehujael begot Methushael; and {{c1::Methushael}} begot Lamech.,Genesis 4:18 | Bereshit,Torah::Genesis::Bereshit Type::AutoCloze
JPS1917|Genesis 4:19|c1,"And Lamech took unto him two wives; the {{c1::name}} of one was Adah, and the name of the other Zillah.",Genesis 4:19 | Bereshit,Torah::Genesis::Bereshit Type::AutoCloze
JPS1917|Genesis 4:19|c2,"And Lamech took unto him two wives; the name of one was Adah, and the {{c1::name}} of the other Zillah.",Genesis 4:19 | Bereshit,Torah::Genesis::Bereshit Type::AutoCloze
JPS1917|Genesis 4:20|c1,And Adah bore {{c1::Jabal}}; he was the father of such as dwell in tents and have cattle.,Genesis 4:20 | Bereshit,Torah::Genesis::Bereshit Type::AutoCloze
JPS1917|Genesis 4:20|c2,And Adah bore Jabal; he was the father of such as dwell in {{c1::tents}} and have cattle.,Genesis 4:20 | Bereshit,Torah::Genesis::Bereshit Type::AutoCloze
JPS1917|Genesis 4:21|c1,And his brother’s name was {{c1::Jubal}}; he was the father of all such as handle the harp and pipe.,Genesis 4:21 | Bereshit,Torah::Genesis::Bereshit Type::AutoCloze
JPS1917|Genesis 4:21|c2,And his brother’s name was Jubal; he was the father of all such as {{c1::handle}} the harp and pipe.,Genesis 4:21 | Bereshit,Torah::Genesis::Bereshit Type::AutoCloze
JPS1917|Genesis 4:22|c1,"And Zillah, she also bore {{c1::Tubal}}-cain, the forger of every cutting instrument of brass and iron; and the sister of Tubal-cain was Naamah.",Genesis 4:22 | Bereshit,Torah::Genesis::Bereshit Type::AutoCloze
JPS1917|Genesis 4:22|c2,"And Zillah, she also bore Tubal-cain, the forger of every cutting instrument of brass and iron; and the sister of {{c1::Tubal}}-cain was Naamah.",Genesis 4:22 | Bereshit,Torah::Genesis::Bereshit Type::AutoCloze
JPS1917|Genesis 4:23|c1,"And Lamech said unto his {{c1::wives}}: Adah and Zillah, hear my voice; Ye wives of Lamech, hearken unto my speech; For I have slain a man for wounding me, And a young man for bruising me;",Genesis 4:23 | Bereshit,Torah::Genesis::Bereshit Type::AutoCloze
JPS1917|Genesis 4:23|c2,"And Lamech said unto his wives: Adah and Zillah, hear my voice; Ye {{c1::wives}} of Lamech, hearken unto my speech; For I have slain a man for wounding me, And a young man for bruising me;",Genesis 4:23 | Bereshit,Torah::Genesis::Bereshit Type::AutoCloze
JPS1917|Genesis 4:24|c1,"If Cain shall be avenged {{c1::sevenfold}}, Truly Lamech seventy and sevenfold.",Genesis 4:24 | Bereshit,Torah::Genesis::Bereshit Type::AutoCloze
JPS1917|Genesis 4:24|c2,"If Cain shall be avenged sevenfold, Truly Lamech seventy and {{c1::sevenfold}}.",Genesis 4:24 | Bereshit,Torah::Genesis::Bereshit Type::AutoCloze
JPS1917|Genesis 4:25|c1,"And Adam knew his wife again; and she bore a son, and called his name Seth: ‘for God hath {{c1::appointed}} me another seed instead of Abel; for Cain slew him.’",Genesis 4:25 | Bereshit,Torah::Genesis::Bereshit Type::AutoCloze
JPS1917|Genesis 4:25|c2,"And Adam knew his wife again; and she bore a son, and called his name Seth: ‘for God hath appointed me {{c1::another}} seed instead of Abel; for Cain slew him.’",Genesis 4:25 | Bereshit,Torah::Genesis::Bereshit Type::AutoCloze
JPS1917|Genesis 4:26|c1,"And to Seth, to him also there was born a son; and he called his {{c1::name}} Enosh; then began men to call upon the name of the LORD.",Genesis 4:26 | Bereshit,Torah::Genesis::Bereshit Type::AutoCloze
JPS1917|Genesis 4:26|c2,"And to Seth, to him also there was born a son; and he called his name Enosh; then began men to call upon the {{c1::name}} of the LORD.",Genesis 4:26 | Bereshit,Torah::Genesis::Bereshit Type::AutoCloze
JPS1917|Genesis 5:1|c1,"This is the book of the {{c1::generations}} of Adam. In the day that God created man, in the likeness of God made He him;",Genesis 5:1 | Bereshit,Torah::Genesis::Bereshit Type::AutoCloze
JPS1917|Genesis 5:1|c2,"This is the book of the generations of Adam. In the day that God created man, in the {{c1::likeness}} of God made He him;",Genesis 5:1 | Bereshit,Torah::Genesis::Bereshit Type::AutoCloze
JPS1917|Genesis 5:2|c1,"male and female {{c1::created}} He them, and blessed them, and called their name Adam, in the day when they were created.",Genesis 5:2 | Bereshit,Torah::Genesis::Bereshit Type::AutoCloze
JPS1917|Genesis 5:2|c2,"male and female created He them, and blessed them, and called their name Adam, in the day when they were {{c1::created}}.",Genesis 5:2 | Bereshit,Torah::Genesis::Bereshit Type::AutoCloze
JPS1917|Genesis 5:3|c1,"And Adam lived a hundred and {{c1::thirty}} years, and begot a son in his own likeness, after his image; and called his name Seth.",Genesis 5:3 | Bereshit,Torah::Genesis::Bereshit Type::AutoCloze
JPS1917|Genesis 5:3|c2,"And Adam lived a hundred and thirty years, and begot a son in his own {{c1::likeness}}, after his image; and called his name Seth.",Genesis 5:3 | Bereshit,Torah::Genesis::Bereshit Type::AutoCloze
JPS1917|Genesis 5:4|c1,And the days of Adam after he {{c1::begot}} Seth were eight hundred years; and he begot sons and daughters.,Genesis 5:4 | Bereshit,Torah::Genesis::Bereshit Type::AutoCloze
JPS1917|Genesis 5:4|c2,And the days of Adam after he begot Seth were eight hundred years; and he {{c1::begot}} sons and daughters.,Genesis 5:4 | Bereshit,Torah::Genesis::Bereshit Type::AutoCloze
JPS1917|Genesis 5:5|c1,And all the days that Adam lived were {{c1::nine}} hundred and thirty years; and he died.,Genesis 5:5 | Bereshit,Torah::Genesis::Bereshit Type::AutoCloze
JPS1917|Genesis 5:5|c2,And all the days that Adam lived were nine hundred and {{c1::thirty}} years; and he died.,Genesis 5:5 | Bereshit,Torah::Genesis::Bereshit Type::AutoCloze
JPS1917|Genesis 5:6|c1,"And {{c1::Seth}} lived a hundred and five years, and begot Enosh.",Genesis 5:6 | Bereshit,Torah::Genesis::Bereshit Type::AutoCloze
JPS1917|Genesis 5:6|c2,"And Seth lived a hundred and five years, and begot {{c1::Enosh}}.",Genesis 5:6 | Bereshit,Torah::Genesis::Bereshit Type::AutoCloze
JPS1917|Genesis 5:7|c1,"And Seth lived after he {{c1::begot}} Enosh eight hundred and seven years, and begot sons and daughters.",Genesis 5:7 | Bereshit,Torah::Genesis::Bereshit Type::AutoCloze
JPS1917|Genesis 5:7|c2,"And Seth lived after he begot Enosh eight hundred and seven years, and {{c1::begot}} sons and daughters.",Genesis 5:7 | Bereshit,Torah::Genesis::Bereshit Type::AutoCloze
JPS1917|Genesis 5:8|c1,And all the days of Seth were {{c1::nine}} hundred and twelve years; and he died.,Genesis 5:8 | Bereshit,Torah::Genesis::Bereshit Type::AutoCloze
JPS1917|Genesis 5:8|c2,And all the days of Seth were nine hundred and {{c1::twelve}} years; and he died.,Genesis 5:8 | Bereshit,Torah::Genesis::Bereshit Type::AutoCloze
JPS1917|Genesis 5:9|c1,"And Enosh lived {{c1::ninety}} years, and begot Kenan.",Genesis 5:9 | Bereshit,Torah::Genesis::Bereshit Type::AutoCloze
JPS1917|Genesis 5:9|c2,"And Enosh lived ninety years, and begot {{c1::Kenan}}.",Genesis 5:9 | Bereshit,Torah::Genesis::Bereshit Type::AutoCloze
JPS1917|Genesis 5:10|c1,"And Enosh lived after he {{c1::begot}} Kenan eight hundred and fifteen years, and begot sons and daughters.",Genesis 5:10 | Bereshit,Torah::Genesis::Bereshit Type::AutoCloze
JPS1917|Genesis 5:10|c2,"And Enosh lived after he begot Kenan eight hundred and fifteen years, and {{c1::begot}} sons and daughters.",Genesis 5:10 | Bereshit,Torah::Genesis::Bereshit Type::AutoCloze
JPS1917|Genesis 5:11|c1,And all the days of {{c1::Enosh}} were nine hundred and five years; and he died.,Genesis 5:11 | Bereshit,Torah::Genesis::Bereshit Type::AutoCloze
JPS1917|Genesis 5:11|c2,And all the days of Enosh were {{c1::nine}} hundred and five years; and he died.,Genesis 5:11 | Bereshit,Torah::Genesis::Bereshit Type::AutoCloze
JPS1917|Genesis 5:12|c1,"And Kenan lived {{c1::seventy}} years, and begot Mahalalel.",Genesis 5:12 | Bereshit,Torah::Genesis::Bereshit Type::AutoCloze
JPS1917|Genesis 5:12|c2,"And Kenan lived seventy years, and begot {{c1::Mahalalel}}.",Genesis 5:12 | Bereshit,Torah::Genesis::Bereshit Type::AutoCloze
JPS1917|Genesis 5:13|c1,"And Kenan lived after he {{c1::begot}} Mahalalel eight hundred and forty years, and begot sons and daughters.",Genesis 5:13 | Bereshit,Torah::Genesis::Bereshit Type::AutoCloze
JPS1917|Genesis 5:13|c2,"And Kenan lived after he begot Mahalalel eight hundred and forty years, and {{c1::begot}} sons and daughters.",Genesis 5:13 | Bereshit,Torah::Genesis::Bereshit Type::AutoCloze
JPS1917|Genesis 5:14|c1,And all the days of {{c1::Kenan}} were nine hundred and ten years; and he died.,Genesis 5:14 | Bereshit,Torah::Genesis::Bereshit Type::AutoCloze
JPS1917|Genesis 5:14|c2,And all the days of Kenan were nine hundred and {{c1::ten}} years; and he died.,Genesis 5:14 | Bereshit,Torah::Genesis::Bereshit Type::AutoCloze
JPS1917|Genesis 5:15|c1,"And {{c1::Mahalalel}} lived sixty and five years, and begot Jared.",Genesis 5:15 | Bereshit,Torah::Genesis::Bereshit Type::AutoCloze
JPS1917|Genesis 5:15|c2,"And Mahalalel lived sixty and five years, and begot {{c1::Jared}}.",Genesis 5:15 | Bereshit,Torah::Genesis::Bereshit Type::AutoCloze
JPS1917|Genesis 5:16|c1,"And Mahalalel lived after he {{c1::begot}} Jared eight hundred and thirty years, and begot sons and daughters.",Genesis 5:16 | Bereshit,Torah::Genesis::Bereshit Type::AutoCloze
JPS1917|Genesis 5:16|c2,"And Mahalalel lived after he begot Jared eight hundred and thirty years, and {{c1::begot}} sons and daughters.",Genesis 5:16 | Bereshit,Torah::Genesis::Bereshit Type::AutoCloze
JPS1917|Genesis 5:17|c1,And all the days of {{c1::Mahalalel}} were eight hundred ninety and five years; and he died.,Genesis 5:17 | Bereshit,Torah::Genesis::Bereshit Type::AutoCloze
JPS1917|Genesis 5:17|c2,And all the days of Mahalalel were eight hundred {{c1::ninety}} and five years; and he died.,Genesis 5:17 | Bereshit,Torah::Genesis::Bereshit Type::AutoCloze
JPS1917|Genesis 5:18|c1,"And {{c1::Jared}} lived a hundred sixty and two years, and begot Enoch.",Genesis 5:18 | Bereshit,Torah::Genesis::Bereshit Type::AutoCloze
JPS1917|Genesis 5:18|c2,"And Jared lived a hundred {{c1::sixty}} and two years, and begot Enoch.",Genesis 5:18 | Bereshit,Torah::Genesis::Bereshit Type::AutoCloze
JPS1917|Genesis 5:19|c1,"And Jared lived after he {{c1::begot}} Enoch eight hundred years, and begot sons and daughters.",Genesis 5:19 | Bereshit,Torah::Genesis::Bereshit Type::AutoCloze
JPS1917|Genesis 5:19|c2,"And Jared lived after he begot Enoch eight hundred years, and {{c1::begot}} sons and daughters.",Genesis 5:19 | Bereshit,Torah::Genesis::Bereshit Type::AutoCloze
JPS1917|Genesis 5:20|c1,And all the days of {{c1::Jared}} were nine hundred sixty and two years; and he died. .,Genesis 5:20 | Bereshit,Torah::Genesis::Bereshit Type::AutoCloze
JPS1917|Genesis 5:20|c2,And all the days of Jared were nine hundred {{c1::sixty}} and two years; and he died. .,Genesis 5:20 | Bereshit,Torah::Genesis::Bereshit Type::AutoCloze
JPS1917|Genesis 5:21|c1,"And Enoch lived {{c1::sixty}} and five years, and begot Methuselah.",Genesis 5:21 | Bereshit,Torah::Genesis::Bereshit Type::AutoCloze
JPS1917|Genesis 5:21|c2,"And Enoch lived sixty and five years, and begot {{c1::Methuselah}}.",Genesis 5:21 | Bereshit,Torah::Genesis::Bereshit Type::AutoCloze
JPS1917|Genesis 5:22|c1,"And Enoch walked with God after he {{c1::begot}} Methuselah three hundred years, and begot sons and daughters.",Genesis 5:22 | Bereshit,Torah::Genesis::Bereshit Type::AutoCloze
JPS1917|Genesis 5:22|c2,"And Enoch walked with God after he begot Methuselah three hundred years, and {{c1::begot}} sons and daughters.",Genesis 5:22 | Bereshit,Torah::Genesis::Bereshit Type::AutoCloze
JPS1917|Genesis 5:23|c1,And all the days of Enoch were {{c1::three}} hundred sixty and five years.,Genesis 5:23 | Bereshit,Torah::Genesis::Bereshit Type::AutoCloze
JPS1917|Genesis 5:23|c2,And all the days of Enoch were three hundred {{c1::sixty}} and five years.,Genesis 5:23 | Bereshit,Torah::Genesis::Bereshit Type::AutoCloze
JPS1917|Genesis 5:24|c1,"And Enoch {{c1::walked}} with God, and he was not; for God took him.",Genesis 5:24 | Bereshit,Torah::Genesis::Bereshit Type::AutoCloze
JPS1917|Genesis 5:24|c2,"And Enoch walked with God, and he was not; for God {{c1::took}} him.",Genesis 5:24 | Bereshit,Torah::Genesis::Bereshit Type::AutoCloze
JPS1917|Genesis 5:25|c1,"And {{c1::Methuselah}} lived a hundred eighty and seven years, and begot Lamech.",Genesis 5:25 | Bereshit,Torah::Genesis::Bereshit Type::AutoCloze
JPS1917|Genesis 5:25|c2,"And Methuselah lived a hundred {{c1::eighty}} and seven years, and begot Lamech.",Genesis 5:25 | Bereshit,Torah::Genesis::Bereshit Type::AutoCloze
JPS1917|Genesis 5:26|c1,"And Methuselah lived after he {{c1::begot}} Lamech seven hundred eighty and two years, and begot sons and daughters.",Genesis 5:26 | Bereshit,Torah::Genesis::Bereshit Type::AutoCloze
JPS1917|Genesis 5:26|c2,"And Methuselah lived after he begot Lamech seven hundred eighty and two years, and {{c1::begot}} sons and daughters.",Genesis 5:26 | Bereshit,Torah::Genesis::Bereshit Type::AutoCloze
JPS1917|Genesis 5:27|c1,And all the days of Methuselah were {{c1::nine}} hundred sixty and nine years; and he died.,Genesis 5:27 | Bereshit,Torah::Genesis::Bereshit Type::AutoCloze
JPS1917|Genesis 5:27|c2,And all the days of Methuselah were nine hundred sixty and {{c1::nine}} years; and he died.,Genesis 5:27 | Bereshit,Torah::Genesis::Bereshit Type::AutoCloze
JPS1917|Genesis 5:28|c1,"And {{c1::Lamech}} lived a hundred eighty and two years, and begot a son.",Genesis 5:28 | Bereshit,Torah::Genesis::Bereshit Type::AutoCloze
JPS1917|Genesis 5:28|c2,"And Lamech lived a hundred {{c1::eighty}} and two years, and begot a son.",Genesis 5:28 | Bereshit,Torah::Genesis::Bereshit Type::AutoCloze
JPS1917|Genesis 5:29|c1,"And he called his name Noah, saying: ‘This same shall comfort us in {{c1::our}} work and in the toil of our hands, which cometh from the ground which the LORD hath cursed.’",Genesis 5:29 | Bereshit,Torah::Genesis::Bereshit Type::AutoCloze
JPS1917|Genesis 5:29|c2,"And he called his name Noah, saying: ‘This same shall comfort us in our work and in the toil of {{c1::our}} hands, which cometh from the ground which the LORD hath cursed.’",Genesis 5:29 | Bereshit,Torah::Genesis::Bereshit Type::AutoCloze
JPS1917|Genesis 5:30|c1,"And Lamech lived after he begot Noah {{c1::five}} hundred ninety and five years, and begot sons and daughters.",Genesis 5:30 | Bereshit,Torah::Genesis::Bereshit Type::AutoCloze
JPS1917|Genesis 5:30|c2,"And Lamech lived after he begot Noah five hundred ninety and {{c1::five}} years, and begot sons and daughters.",Genesis 5:30 | Bereshit,Torah::Genesis::Bereshit Type::AutoCloze
JPS1917|Genesis 5:31|c1,And all the days of Lamech were {{c1::seven}} hundred seventy and seven years; and he died.,Genesis 5:31 | Bereshit,Torah::Genesis::Bereshit Type::AutoCloze
JPS1917|Genesis 5:31|c2,And all the days of Lamech were seven hundred seventy and {{c1::seven}} years; and he died.,Genesis 5:31 | Bereshit,Torah::Genesis::Bereshit Type::AutoCloze
JPS1917|Genesis 5:32|c1,"And {{c1::Noah}} was five hundred years old; and Noah begot Shem, Ham, and Japheth.",Genesis 5:32 | Bereshit,Torah::Genesis::Bereshit Type::AutoCloze
JPS1917|Genesis 5:32|c2,"And Noah was five hundred years old; and {{c1::Noah}} begot Shem, Ham, and Japheth.",Genesis 5:32 | Bereshit,Torah::Genesis::Bereshit Type::AutoCloze
JPS1917|Genesis 6:1|c1,"And it came to pass, when men {{c1::began}} to multiply on the face of the earth, and daughters were born unto them,",Genesis 6:1 | Bereshit,Torah::Genesis::Bereshit Type::AutoCloze
JPS1917|Genesis 6:1|c2,"And it came to pass, when men began to {{c1::multiply}} on the face of the earth, and daughters were born unto them,",Genesis 6:1 | Bereshit,Torah::Genesis::Bereshit Type::AutoCloze
JPS1917|Genesis 6:2|c1,"that the sons of nobles saw the daughters of men that {{c1::they}} were fair; and they took them wives, whomsoever they chose.",Genesis 6:2 | Bereshit,Torah::Genesis::Bereshit Type::AutoCloze
JPS1917|Genesis 6:2|c2,"that the sons of nobles saw the daughters of men that they were fair; and they took them wives, whomsoever {{c1::they}} chose.",Genesis 6:2 | Bereshit,Torah::Genesis::Bereshit Type::AutoCloze
JPS1917|Genesis 6:3|c1,"And the LORD said: ‘My spirit shall not abide in man for ever, for that he also is flesh; {{c1::therefore}} shall his days be a hundred and twenty years.’",Genesis 6:3 | Bereshit,Torah::Genesis::Bereshit Type::AutoCloze
JPS1917|Genesis 6:3|c2,"And the LORD said: ‘My spirit shall not abide in man for ever, for that he also is flesh; therefore shall his days be a hundred and {{c1::twenty}} years.’",Genesis 6:3 | Bereshit,Torah::Genesis::Bereshit Type::AutoCloze
JPS1917|Genesis 6:4|c1,"The Nephilim were in the earth in those days, and also after that, when the sons of nobles came in unto the daughters of {{c1::men}}, and they bore children to them; the same were the mighty men that were of old, the men of renown.",Genesis 6:4 | Bereshit,Torah::Genesis::Bereshit Type::AutoCloze
JPS1917|Genesis 6:4|c2,"The Nephilim were in the earth in those days, and also after that, when the sons of nobles came in unto the daughters of men, and they bore children to them; the same were the mighty men that were of old, the {{c1::men}} of renown.",Genesis 6:4 | Bereshit,Torah::Genesis::Bereshit Type::AutoCloze
JPS1917|Genesis 6:5|c1,"And the LORD saw that the wickedness of man was great in the earth, and that every {{c1::imagination}} of the thoughts of his heart was only evil continually.",Genesis 6:5 | Bereshit,Torah::Genesis::Bereshit Type::AutoCloze
JPS1917|Genesis 6:5|c2,"And the LORD saw that the wickedness of man was great in the earth, and that every imagination of the thoughts of his heart was only evil {{c1::continually}}.",Genesis 6:5 | Bereshit,Torah::Genesis::Bereshit Type::AutoCloze
JPS1917|Genesis 6:6|c1,"And it {{c1::repented}} the LORD that He had made man on the earth, and it grieved Him at His heart.",Genesis 6:6 | Bereshit,Torah::Genesis::Bereshit Type::AutoCloze
JPS1917|Genesis 6:6|c2,"And it repented the LORD that He had made man on the earth, and it {{c1::grieved}} Him at His heart.",Genesis 6:6 | Bereshit,Torah::Genesis::Bereshit Type::AutoCloze
JPS1917|Genesis 6:7|c1,"And the LORD said: ‘{{c1::I}} will blot out man whom I have created from the face of the earth; both man, and beast, and creeping thing, and fowl of the air; for it repenteth Me that I have made them.’",Genesis 6:7 | Bereshit,Torah::Genesis::Bereshit Type::AutoCloze
JPS1917|Genesis 6:7|c2,"And the LORD said: ‘I will blot out man whom I have created from the face of the earth; both man, and beast, and creeping thing, and fowl of the air; for it repenteth Me that {{c1::I}} have made them.’",Genesis 6:7 | Bereshit,Torah::Genesis::Bereshit Type::AutoCloze
JPS1917|Genesis 6:8|c1,But Noah {{c1::found}} grace in the eyes of the LORD.,Genesis 6:8 | Bereshit,Torah::Genesis::Bereshit Type::AutoCloze
JPS1917|Genesis 6:8|c2,But Noah found {{c1::grace}} in the eyes of the LORD.,Genesis 6:8 | Bereshit,Torah::Genesis::Bereshit Type::AutoCloze
