JPS1917|Genesis 23:1|c1,Genesis 23:1,Chayei Sara,And the life of {{c1::Sarah}} was a hundred and seven and twenty years; these were the years of the life of Sarah.,Torah::Genesis::Chayei Sara Type::AutoCloze
JPS1917|Genesis 23:1|c2,Genesis 23:1,Chayei Sara,And the life of Sarah was a {{c1::hundred}} and seven and twenty years; these were the years of the life of Sarah.,Torah::Genesis::Chayei Sara Type::AutoCloze
JPS1917|Genesis 23:2|c1,Genesis 23:2,Chayei Sara,"And {{c1::Sarah}} died in Kiriatharba—the same is Hebron—in the land of Canaan; and Abraham came to mourn for Sarah, and to weep for her.",Torah::Genesis::Chayei Sara Type::AutoCloze
JPS1917|Genesis 23:2|c2,Genesis 23:2,Chayei Sara,"And Sarah died in {{c1::Kiriatharba}}—the same is Hebron—in the land of Canaan; and Abraham came to mourn for Sarah, and to weep for her.",Torah::Genesis::Chayei Sara Type::AutoCloze
JPS1917|Genesis 23:3|c1,Genesis 23:3,Chayei Sara,"And {{c1::Abraham}} rose up from before his dead, and spoke unto the children of Heth, saying:",Torah::Genesis::Chayei Sara Type::AutoCloze
JPS1917|Genesis 23:3|c2,Genesis 23:3,Chayei Sara,"And Abraham rose up from before his dead, and spoke unto the children of {{c1::Heth}}, saying:",Torah::Genesis::Chayei Sara Type::AutoCloze
JPS1917|Genesis 23:4|c1,Genesis 23:4,Chayei Sara,"’{{c1::I}} am a stranger and a sojourner with you: give me a possession of a burying-place with you, that I may bury my dead out of my sight.’",Torah::Genesis::Chayei Sara Type::AutoCloze
JPS1917|Genesis 23:4|c2,Genesis 23:4,Chayei Sara,"’I am a {{c1::stranger}} and a sojourner with you: give me a possession of a burying-place with you, that I may bury my dead out of my sight.’",Torah::Genesis::Chayei Sara Type::AutoCloze
JPS1917|Genesis 23:5|c1,Genesis 23:5,Chayei Sara,"And the children of {{c1::Heth}} answered Abraham, saying unto him:",Torah::Genesis::Chayei Sara Type::AutoCloze
JPS1917|Genesis 23:5|c2,Genesis 23:5,Chayei Sara,"And the children of Heth answered {{c1::Abraham}}, saying unto him:",Torah::Genesis::Chayei Sara Type::AutoCloze
JPS1917|Genesis 23:6|c1,Genesis 23:6,Chayei Sara,"’Hear us, my lord: thou art a {{c1::mighty}} prince among us; in the choice of our sepulchres bury thy dead; none of us shall withhold from thee his sepulchre, but that thou mayest bury thy dead.’",Torah::Genesis::Chayei Sara Type::AutoCloze
JPS1917|Genesis 23:6|c2,Genesis 23:6,Chayei Sara,"’Hear us, my lord: thou art a mighty {{c1::prince}} among us; in the choice of our sepulchres bury thy dead; none of us shall withhold from thee his sepulchre, but that thou mayest bury thy dead.’",Torah::Genesis::Chayei Sara Type::AutoCloze
JPS1917|Genesis 23:7|c1,Genesis 23:7,Chayei Sara,"And {{c1::Abraham}} rose up, and bowed down to the people of the land, even to the children of Heth.",Torah::Genesis::Chayei Sara Type::AutoCloze
JPS1917|Genesis 23:7|c2,Genesis 23:7,Chayei Sara,"And Abraham rose up, and bowed down to the people of the land, even to the children of {{c1::Heth}}.",Torah::Genesis::Chayei Sara Type::AutoCloze
JPS1917|Genesis 23:8|c1,Genesis 23:8,Chayei Sara,"And he spoke with them, saying: ‘{{c1::If}} it be your mind that I should bury my dead out of my sight, hear me, and entreat for me to Ephron the son of Zohar,",Torah::Genesis::Chayei Sara Type::AutoCloze
JPS1917|Genesis 23:8|c2,Genesis 23:8,Chayei Sara,"And he spoke with them, saying: ‘If it be your mind that {{c1::I}} should bury my dead out of my sight, hear me, and entreat for me to Ephron the son of Zohar,",Torah::Genesis::Chayei Sara Type::AutoCloze
JPS1917|Genesis 23:9|c1,Genesis 23:9,Chayei Sara,"that he may give me the cave of {{c1::Machpelah}}, which he hath, which is in the end of his field; for the full price let him give it to me in the midst of you for a possession of a burying-place.’",Torah::Genesis::Chayei Sara Type::AutoCloze
JPS1917|Genesis 23:9|c2,Genesis 23:9,Chayei Sara,"that he may give me the cave of Machpelah, which he hath, which is in the end of his field; for the full price let him give it to me in the midst of you for a {{c1::possession}} of a burying-place.’",Torah::Genesis::Chayei Sara Type::AutoCloze
JPS1917|Genesis 23:10|c1,Genesis 23:10,Chayei Sara,"Now {{c1::Ephron}} was sitting in the midst of the children of Heth; and Ephron the Hittite answered Abraham in the hearing of the children of Heth, even of all that went in at the gate of his city, saying:",Torah::Genesis::Chayei Sara Type::AutoCloze
JPS1917|Genesis 23:10|c2,Genesis 23:10,Chayei Sara,"Now Ephron was sitting in the midst of the children of {{c1::Heth}}; and Ephron the Hittite answered Abraham in the hearing of the children of Heth, even of all that went in at the gate of his city, saying:",Torah::Genesis::Chayei Sara Type::AutoCloze
JPS1917|Genesis 23:11|c1,Genesis 23:11,Chayei Sara,"’Nay, my lord, hear me: the field give {{c1::I}} thee, and the cave that is therein, I give it thee; in the presence of the sons of my people give I it thee; bury thy dead.’",Torah::Genesis::Chayei Sara Type::AutoCloze
JPS1917|Genesis 23:11|c2,Genesis 23:11,Chayei Sara,"’Nay, my lord, hear me: the field give I thee, and the cave that is {{c1::therein}}, I give it thee; in the presence of the sons of my people give I it thee; bury thy dead.’",Torah::Genesis::Chayei Sara Type::AutoCloze
JPS1917|Genesis 23:12|c1,Genesis 23:12,Chayei Sara,And {{c1::Abraham}} bowed down before the people of the land.,Torah::Genesis::Chayei Sara Type::AutoCloze
JPS1917|Genesis 23:12|c2,Genesis 23:12,Chayei Sara,And Abraham bowed down {{c1::before}} the people of the land.,Torah::Genesis::Chayei Sara Type::AutoCloze
JPS1917|Genesis 23:13|c1,Genesis 23:13,Chayei Sara,"And he spoke unto {{c1::Ephron}} in the hearing of the people of the land, saying: ‘But if thou wilt, I pray thee, hear me: I will give the price of the field; take it of me, and I will bury my dead there.’",Torah::Genesis::Chayei Sara Type::AutoCloze
JPS1917|Genesis 23:13|c2,Genesis 23:13,Chayei Sara,"And he spoke unto Ephron in the hearing of the people of the land, saying: ‘{{c1::But}} if thou wilt, I pray thee, hear me: I will give the price of the field; take it of me, and I will bury my dead there.’",Torah::Genesis::Chayei Sara Type::AutoCloze
JPS1917|Genesis 23:14|c1,Genesis 23:14,Chayei Sara,"And {{c1::Ephron}} answered Abraham, saying unto him:",Torah::Genesis::Chayei Sara Type::AutoCloze
JPS1917|Genesis 23:14|c2,Genesis 23:14,Chayei Sara,"And Ephron answered {{c1::Abraham}}, saying unto him:",Torah::Genesis::Chayei Sara Type::AutoCloze
JPS1917|Genesis 23:15|c1,Genesis 23:15,Chayei Sara,"’My lord, {{c1::hearken}} unto me: a piece of land worth four hundred shekels of silver, what is that betwixt me and thee? bury therefore thy dead.’",Torah::Genesis::Chayei Sara Type::AutoCloze
JPS1917|Genesis 23:15|c2,Genesis 23:15,Chayei Sara,"’My lord, hearken unto me: a piece of land worth four {{c1::hundred}} shekels of silver, what is that betwixt me and thee? bury therefore thy dead.’",Torah::Genesis::Chayei Sara Type::AutoCloze
JPS1917|Genesis 23:16|c1,Genesis 23:16,Chayei Sara,"And {{c1::Abraham}} hearkened unto Ephron; and Abraham weighed to Ephron the silver, which he had named in the hearing of the children of Heth, four hundred shekels of silver, current money with the merchant.",Torah::Genesis::Chayei Sara Type::AutoCloze
JPS1917|Genesis 23:16|c2,Genesis 23:16,Chayei Sara,"And Abraham hearkened unto {{c1::Ephron}}; and Abraham weighed to Ephron the silver, which he had named in the hearing of the children of Heth, four hundred shekels of silver, current money with the merchant.",Torah::Genesis::Chayei Sara Type::AutoCloze
JPS1917|Genesis 23:17|c1,Genesis 23:17,Chayei Sara,"So the field of {{c1::Ephron}}, which was in Machpelah, which was before Mamre, the field, and the cave which was therein, and all the trees that were in the field, that were in all the border thereof round about, were made sure",Torah::Genesis::Chayei Sara Type::AutoCloze
JPS1917|Genesis 23:17|c2,Genesis 23:17,Chayei Sara,"So the field of Ephron, which was in {{c1::Machpelah}}, which was before Mamre, the field, and the cave which was therein, and all the trees that were in the field, that were in all the border thereof round about, were made sure",Torah::Genesis::Chayei Sara Type::AutoCloze
JPS1917|Genesis 23:18|c1,Genesis 23:18,Chayei Sara,"unto {{c1::Abraham}} for a possession in the presence of the children of Heth, before all that went in at the gate of his city.",Torah::Genesis::Chayei Sara Type::AutoCloze
JPS1917|Genesis 23:18|c2,Genesis 23:18,Chayei Sara,"unto Abraham for a possession in the presence of the children of {{c1::Heth}}, before all that went in at the gate of his city.",Torah::Genesis::Chayei Sara Type::AutoCloze
JPS1917|Genesis 23:19|c1,Genesis 23:19,Chayei Sara,"And after this, {{c1::Abraham}} buried Sarah his wife in the cave of the field of Machpelah before Mamre—the same is Hebron—in the land of Canaan.",Torah::Genesis::Chayei Sara Type::AutoCloze
JPS1917|Genesis 23:19|c2,Genesis 23:19,Chayei Sara,"And after this, Abraham buried {{c1::Sarah}} his wife in the cave of the field of Machpelah before Mamre—the same is Hebron—in the land of Canaan.",Torah::Genesis::Chayei Sara Type::AutoCloze
JPS1917|Genesis 23:20|c1,Genesis 23:20,Chayei Sara,"And the field, and the cave that is therein, were made sure unto {{c1::Abraham}} for a possession of a burying-place by the children of Heth.",Torah::Genesis::Chayei Sara Type::AutoCloze
JPS1917|Genesis 23:20|c2,Genesis 23:20,Chayei Sara,"And the field, and the cave that is therein, were made sure unto Abraham for a possession of a burying-place by the children of {{c1::Heth}}.",Torah::Genesis::Chayei Sara Type::AutoCloze
JPS1917|Genesis 24:1|c1,Genesis 24:1,Chayei Sara,"And {{c1::Abraham}} was old, well stricken in age; and the LORD had blessed Abraham in all things.",Torah::Genesis::Chayei Sara Type::AutoCloze
JPS1917|Genesis 24:1|c2,Genesis 24:1,Chayei Sara,"And Abraham was old, well {{c1::stricken}} in age; and the LORD had blessed Abraham in all things.",Torah::Genesis::Chayei Sara Type::AutoCloze
JPS1917|Genesis 24:2|c1,Genesis 24:2,Chayei Sara,"And {{c1::Abraham}} said unto his servant, the elder of his house, that ruled over all that he had: ‘Put, I pray thee, thy hand under my thigh.",Torah::Genesis::Chayei Sara Type::AutoCloze
JPS1917|Genesis 24:2|c2,Genesis 24:2,Chayei Sara,"And Abraham said unto his servant, the elder of his house, that ruled over all that he had: ‘{{c1::Put}}, I pray thee, thy hand under my thigh.",Torah::Genesis::Chayei Sara Type::AutoCloze
JPS1917|Genesis 24:3|c1,Genesis 24:3,Chayei Sara,"And {{c1::I}} will make thee swear by the LORD, the God of heaven and the God of the earth, that thou shalt not take a wife for my son of the daughters of the Canaanites, among whom I dwell.",Torah::Genesis::Chayei Sara Type::AutoCloze
JPS1917|Genesis 24:3|c2,Genesis 24:3,Chayei Sara,"And I will make thee swear by the LORD, the God of heaven and the God of the earth, that thou shalt not take a wife for my son of the daughters of the {{c1::Canaanites}}, among whom I dwell.",Torah::Genesis::Chayei Sara Type::AutoCloze
JPS1917|Genesis 24:4|c1,Genesis 24:4,Chayei Sara,"But thou shalt go unto my country, and to my kindred, and take a wife for my son, even for {{c1::Isaac}}.’",Torah::Genesis::Chayei Sara Type::AutoCloze
JPS1917|Genesis 24:4|c2,Genesis 24:4,Chayei Sara,"But thou shalt go unto my {{c1::country}}, and to my kindred, and take a wife for my son, even for Isaac.’",Torah::Genesis::Chayei Sara Type::AutoCloze
JPS1917|Genesis 24:5|c1,Genesis 24:5,Chayei Sara,And the servant said unto him: ‘{{c1::Peradventure}} the woman will not be willing to follow me unto this land; must I needs bring thy son back unto the land from whence thou camest?’,Torah::Genesis::Chayei Sara Type::AutoCloze
JPS1917|Genesis 24:5|c2,Genesis 24:5,Chayei Sara,And the servant said unto him: ‘Peradventure the woman will not be willing to follow me unto this land; must {{c1::I}} needs bring thy son back unto the land from whence thou camest?’,Torah::Genesis::Chayei Sara Type::AutoCloze
JPS1917|Genesis 24:6|c1,Genesis 24:6,Chayei Sara,And {{c1::Abraham}} said unto him: ‘Beware thou that thou bring not my son back thither.,Torah::Genesis::Chayei Sara Type::AutoCloze
JPS1917|Genesis 24:6|c2,Genesis 24:6,Chayei Sara,And Abraham said unto him: ‘{{c1::Beware}} thou that thou bring not my son back thither.,Torah::Genesis::Chayei Sara Type::AutoCloze
JPS1917|Genesis 24:7|c1,Genesis 24:7,Chayei Sara,"The LORD, the God of heaven, who took me from my father’s house, and from the land of my nativity, and who spoke unto me, and who swore unto me, saying: {{c1::Unto}} thy seed will I give this land; He will send His angel before thee, and thou shalt take a wife for my son from thence.",Torah::Genesis::Chayei Sara Type::AutoCloze
JPS1917|Genesis 24:7|c2,Genesis 24:7,Chayei Sara,"The LORD, the God of heaven, who took me from my father’s house, and from the land of my nativity, and who spoke unto me, and who swore unto me, saying: Unto thy seed will {{c1::I}} give this land; He will send His angel before thee, and thou shalt take a wife for my son from thence.",Torah::Genesis::Chayei Sara Type::AutoCloze
JPS1917|Genesis 24:8|c1,Genesis 24:8,Chayei Sara,"And if the woman be not {{c1::willing}} to follow thee, then thou shalt be clear from this my oath; only thou shalt not bring my son back thither.’",Torah::Genesis::Chayei Sara Type::AutoCloze
JPS1917|Genesis 24:8|c2,Genesis 24:8,Chayei Sara,"And if the woman be not willing to {{c1::follow}} thee, then thou shalt be clear from this my oath; only thou shalt not bring my son back thither.’",Torah::Genesis::Chayei Sara Type::AutoCloze
JPS1917|Genesis 24:9|c1,Genesis 24:9,Chayei Sara,"And the servant put his hand under the thigh of {{c1::Abraham}} his master, and swore to him concerning this matter.",Torah::Genesis::Chayei Sara Type::AutoCloze
JPS1917|Genesis 24:9|c2,Genesis 24:9,Chayei Sara,"And the {{c1::servant}} put his hand under the thigh of Abraham his master, and swore to him concerning this matter.",Torah::Genesis::Chayei Sara Type::AutoCloze
JPS1917|Genesis 24:10|c1,Genesis 24:10,Chayei Sara,"And the servant took ten camels, of the camels of his master, and departed; having all goodly things of his master’s in his hand; and he arose, and went to {{c1::Aram}}-naharaim, unto the city of Nahor.",Torah::Genesis::Chayei Sara Type::AutoCloze
JPS1917|Genesis 24:10|c2,Genesis 24:10,Chayei Sara,"And the servant took ten camels, of the camels of his master, and departed; having all goodly things of his master’s in his hand; and he arose, and went to Aram-naharaim, unto the city of {{c1::Nahor}}.",Torah::Genesis::Chayei Sara Type::AutoCloze
JPS1917|Genesis 24:11|c1,Genesis 24:11,Chayei Sara,"And he made the {{c1::camels}} to kneel down without the city by the well of water at the time of evening, the time that women go out to draw water.",Torah::Genesis::Chayei Sara Type::AutoCloze
JPS1917|Genesis 24:11|c2,Genesis 24:11,Chayei Sara,"And he made the camels to kneel down {{c1::without}} the city by the well of water at the time of evening, the time that women go out to draw water.",Torah::Genesis::Chayei Sara Type::AutoCloze
JPS1917|Genesis 24:12|c1,Genesis 24:12,Chayei Sara,"And he said: ‘{{c1::O}} LORD, the God of my master Abraham, send me, I pray Thee, good speed this day, and show kindness unto my master Abraham.",Torah::Genesis::Chayei Sara Type::AutoCloze
JPS1917|Genesis 24:12|c2,Genesis 24:12,Chayei Sara,"And he said: ‘O LORD, the God of my master {{c1::Abraham}}, send me, I pray Thee, good speed this day, and show kindness unto my master Abraham.",Torah::Genesis::Chayei Sara Type::AutoCloze
JPS1917|Genesis 24:13|c1,Genesis 24:13,Chayei Sara,"Behold, {{c1::I}} stand by the fountain of water; and the daughters of the men of the city come out to draw water.",Torah::Genesis::Chayei Sara Type::AutoCloze
JPS1917|Genesis 24:13|c2,Genesis 24:13,Chayei Sara,"{{c1::Behold}}, I stand by the fountain of water; and the daughters of the men of the city come out to draw water.",Torah::Genesis::Chayei Sara Type::AutoCloze
JPS1917|Genesis 24:14|c1,Genesis 24:14,Chayei Sara,"So let it come to pass, that the damsel to whom {{c1::I}} shall say: Let down thy pitcher, I pray thee, that I may drink; and she shall say: Drink, and I will give thy camels drink also; let the same be she that Thou hast appointed for Thy servant, even for Isaac; and thereby shall I know that Thou hast shown kindness unto my master.’",Torah::Genesis::Chayei Sara Type::AutoCloze
JPS1917|Genesis 24:14|c2,Genesis 24:14,Chayei Sara,"So let it come to pass, that the damsel to whom I shall say: {{c1::Let}} down thy pitcher, I pray thee, that I may drink; and she shall say: Drink, and I will give thy camels drink also; let the same be she that Thou hast appointed for Thy servant, even for Isaac; and thereby shall I know that Thou hast shown kindness unto my master.’",Torah::Genesis::Chayei Sara Type::AutoCloze
JPS1917|Genesis 24:15|c1,Genesis 24:15,Chayei Sara,"And it came to pass, before he had done speaking, that, behold, {{c1::Rebekah}} came out, who was born to Bethuel the son of Milcah, the wife of Nahor, Abraham’s brother, with her pitcher upon her shoulder.",Torah::Genesis::Chayei Sara Type::AutoCloze
JPS1917|Genesis 24:15|c2,Genesis 24:15,Chayei Sara,"And it came to pass, before he had done speaking, that, behold, Rebekah came out, who was born to {{c1::Bethuel}} the son of Milcah, the wife of Nahor, Abraham’s brother, with her pitcher upon her shoulder.",Torah::Genesis::Chayei Sara Type::AutoCloze
JPS1917|Genesis 24:16|c1,Genesis 24:16,Chayei Sara,"And the {{c1::damsel}} was very fair to look upon, a virgin, neither had any man known her; and she went down to the fountain, and filled her pitcher, and came up.",Torah::Genesis::Chayei Sara Type::AutoCloze
JPS1917|Genesis 24:16|c2,Genesis 24:16,Chayei Sara,"And the damsel was very fair to look upon, a {{c1::virgin}}, neither had any man known her; and she went down to the fountain, and filled her pitcher, and came up.",Torah::Genesis::Chayei Sara Type::AutoCloze
JPS1917|Genesis 24:17|c1,Genesis 24:17,Chayei Sara,"And the servant ran to meet her, and said: ‘{{c1::Give}} me to drink, I pray thee, a little water of thy pitcher.’",Torah::Genesis::Chayei Sara Type::AutoCloze
JPS1917|Genesis 24:17|c2,Genesis 24:17,Chayei Sara,"And the servant ran to meet her, and said: ‘Give me to drink, {{c1::I}} pray thee, a little water of thy pitcher.’",Torah::Genesis::Chayei Sara Type::AutoCloze
JPS1917|Genesis 24:18|c1,Genesis 24:18,Chayei Sara,"And she said: ‘{{c1::Drink}}, my lord’; and she hastened, and let down her pitcher upon her hand, and gave him drink.",Torah::Genesis::Chayei Sara Type::AutoCloze
JPS1917|Genesis 24:18|c2,Genesis 24:18,Chayei Sara,"And she said: ‘Drink, my lord’; and she {{c1::hastened}}, and let down her pitcher upon her hand, and gave him drink.",Torah::Genesis::Chayei Sara Type::AutoCloze
JPS1917|Genesis 24:19|c1,Genesis 24:19,Chayei Sara,"And when she had done giving him drink, she said: ‘{{c1::I}} will draw for thy camels also, until they have done drinking.’",Torah::Genesis::Chayei Sara Type::AutoCloze
JPS1917|Genesis 24:19|c2,Genesis 24:19,Chayei Sara,"And when she had done {{c1::giving}} him drink, she said: ‘I will draw for thy camels also, until they have done drinking.’",Torah::Genesis::Chayei Sara Type::AutoCloze
JPS1917|Genesis 24:20|c1,Genesis 24:20,Chayei Sara,"And she {{c1::hastened}}, and emptied her pitcher into the trough, and ran again unto the well to draw, and drew for all his camels.",Torah::Genesis::Chayei Sara Type::AutoCloze
JPS1917|Genesis 24:20|c2,Genesis 24:20,Chayei Sara,"And she hastened, and {{c1::emptied}} her pitcher into the trough, and ran again unto the well to draw, and drew for all his camels.",Torah::Genesis::Chayei Sara Type::AutoCloze
JPS1917|Genesis 24:21|c1,Genesis 24:21,Chayei Sara,"And the man {{c1::looked}} stedfastly on her; holding his peace, to know whether the LORD had made his journey prosperous or not.",Torah::Genesis::Chayei Sara Type::AutoCloze
JPS1917|Genesis 24:21|c2,Genesis 24:21,Chayei Sara,"And the man looked {{c1::stedfastly}} on her; holding his peace, to know whether the LORD had made his journey prosperous or not.",Torah::Genesis::Chayei Sara Type::AutoCloze
JPS1917|Genesis 24:22|c1,Genesis 24:22,Chayei Sara,"And it came to pass, as the {{c1::camels}} had done drinking, that the man took a golden ring of half a shekel weight, and two bracelets for her hands of ten shekels weight of gold;",Torah::Genesis::Chayei Sara Type::AutoCloze
JPS1917|Genesis 24:22|c2,Genesis 24:22,Chayei Sara,"And it came to pass, as the camels had done {{c1::drinking}}, that the man took a golden ring of half a shekel weight, and two bracelets for her hands of ten shekels weight of gold;",Torah::Genesis::Chayei Sara Type::AutoCloze
JPS1917|Genesis 24:23|c1,Genesis 24:23,Chayei Sara,"and said: ‘{{c1::Whose}} daughter art thou? tell me, I pray thee. Is there room in thy father’s house for us to lodge in?’",Torah::Genesis::Chayei Sara Type::AutoCloze
JPS1917|Genesis 24:23|c2,Genesis 24:23,Chayei Sara,"and said: ‘Whose daughter art thou? tell me, {{c1::I}} pray thee. Is there room in thy father’s house for us to lodge in?’",Torah::Genesis::Chayei Sara Type::AutoCloze
JPS1917|Genesis 24:24|c1,Genesis 24:24,Chayei Sara,"And she said unto him: ‘{{c1::I}} am the daughter of Bethuel the son of Milcah, whom she bore unto Nahor.’",Torah::Genesis::Chayei Sara Type::AutoCloze
JPS1917|Genesis 24:24|c2,Genesis 24:24,Chayei Sara,"And she said unto him: ‘I am the daughter of {{c1::Bethuel}} the son of Milcah, whom she bore unto Nahor.’",Torah::Genesis::Chayei Sara Type::AutoCloze
JPS1917|Genesis 24:25|c1,Genesis 24:25,Chayei Sara,"She said moreover unto him: ‘{{c1::We}} have both straw and provender enough, and room to lodge in.’",Torah::Genesis::Chayei Sara Type::AutoCloze
JPS1917|Genesis 24:25|c2,Genesis 24:25,Chayei Sara,"She said {{c1::moreover}} unto him: ‘We have both straw and provender enough, and room to lodge in.’",Torah::Genesis::Chayei Sara Type::AutoCloze
JPS1917|Genesis 24:26|c1,Genesis 24:26,Chayei Sara,"And the man bowed his head, and {{c1::prostrated}} himself before the LORD.",Torah::Genesis::Chayei Sara Type::AutoCloze
JPS1917|Genesis 24:26|c2,Genesis 24:26,Chayei Sara,"And the man bowed his head, and prostrated {{c1::himself}} before the LORD.",Torah::Genesis::Chayei Sara Type::AutoCloze
JPS1917|Genesis 24:27|c1,Genesis 24:27,Chayei Sara,"And he said: ‘{{c1::Blessed}} be the LORD, the God of my master Abraham, who hath not forsaken His mercy and His truth toward my master; as for me, the LORD hath led me in the way to the house of my master’s brethren.’",Torah::Genesis::Chayei Sara Type::AutoCloze
JPS1917|Genesis 24:27|c2,Genesis 24:27,Chayei Sara,"And he said: ‘Blessed be the LORD, the God of my master {{c1::Abraham}}, who hath not forsaken His mercy and His truth toward my master; as for me, the LORD hath led me in the way to the house of my master’s brethren.’",Torah::Genesis::Chayei Sara Type::AutoCloze
JPS1917|Genesis 24:28|c1,Genesis 24:28,Chayei Sara,"And the {{c1::damsel}} ran, and told her mother’s house according to these words.",Torah::Genesis::Chayei Sara Type::AutoCloze
JPS1917|Genesis 24:28|c2,Genesis 24:28,Chayei Sara,"And the damsel ran, and told her {{c1::mother’s}} house according to these words.",Torah::Genesis::Chayei Sara Type::AutoCloze
JPS1917|Genesis 24:29|c1,Genesis 24:29,Chayei Sara,"And {{c1::Rebekah}} had a brother, and his name was Laban; and Laban ran out unto the man, unto the fountain.",Torah::Genesis::Chayei Sara Type::AutoCloze
JPS1917|Genesis 24:29|c2,Genesis 24:29,Chayei Sara,"And Rebekah had a brother, and his name was {{c1::Laban}}; and Laban ran out unto the man, unto the fountain.",Torah::Genesis::Chayei Sara Type::AutoCloze
JPS1917|Genesis 24:30|c1,Genesis 24:30,Chayei Sara,"And it came to pass, when he saw the ring, and the bracelets upon his sister’s hands, and when he heard the words of {{c1::Rebekah}} his sister, saying: ‘Thus spoke the man unto me, ‘that he came unto the man; and, behold, he stood by the camels at the fountain.",Torah::Genesis::Chayei Sara Type::AutoCloze
JPS1917|Genesis 24:30|c2,Genesis 24:30,Chayei Sara,"And it came to pass, when he saw the ring, and the bracelets upon his sister’s hands, and when he heard the words of Rebekah his sister, saying: ‘{{c1::Thus}} spoke the man unto me, ‘that he came unto the man; and, behold, he stood by the camels at the fountain.",Torah::Genesis::Chayei Sara Type::AutoCloze
JPS1917|Genesis 24:31|c1,Genesis 24:31,Chayei Sara,"And he said: ‘{{c1::Come}} in, thou blessed of the LORD; wherefore standest thou without? for I have cleared the house, and made room for the camels.’",Torah::Genesis::Chayei Sara Type::AutoCloze
JPS1917|Genesis 24:31|c2,Genesis 24:31,Chayei Sara,"And he said: ‘Come in, thou blessed of the LORD; wherefore standest thou without? for {{c1::I}} have cleared the house, and made room for the camels.’",Torah::Genesis::Chayei Sara Type::AutoCloze
JPS1917|Genesis 24:32|c1,Genesis 24:32,Chayei Sara,"And the man came into the house, and he {{c1::ungirded}} the camels; and he gave straw and provender for the camels, and water to wash his feet and the feet of the men that were with him.",Torah::Genesis::Chayei Sara Type::AutoCloze
JPS1917|Genesis 24:32|c2,Genesis 24:32,Chayei Sara,"And the man came into the house, and he ungirded the {{c1::camels}}; and he gave straw and provender for the camels, and water to wash his feet and the feet of the men that were with him.",Torah::Genesis::Chayei Sara Type::AutoCloze
JPS1917|Genesis 24:33|c1,Genesis 24:33,Chayei Sara,"And there was set food before him to eat; but he said: ‘{{c1::I}} will not eat, until I have told mine errand.’ And he said: ‘Speak on.’",Torah::Genesis::Chayei Sara Type::AutoCloze
JPS1917|Genesis 24:33|c2,Genesis 24:33,Chayei Sara,"And there was set food before him to eat; but he said: ‘I will not eat, until I have told mine errand.’ And he said: ‘{{c1::Speak}} on.’",Torah::Genesis::Chayei Sara Type::AutoCloze
JPS1917|Genesis 24:34|c1,Genesis 24:34,Chayei Sara,And he said: ‘{{c1::I}} am Abraham’s servant.,Torah::Genesis::Chayei Sara Type::AutoCloze
JPS1917|Genesis 24:34|c2,Genesis 24:34,Chayei Sara,And he said: ‘I am {{c1::Abraham’s}} servant.,Torah::Genesis::Chayei Sara Type::AutoCloze
JPS1917|Genesis 24:35|c1,Genesis 24:35,Chayei Sara,"And the LORD hath blessed my master greatly; and he is become great; and {{c1::He}} hath given him flocks and herds, and silver and gold, and men-servants and maid-servants, and camels and asses.",Torah::Genesis::Chayei Sara Type::AutoCloze
JPS1917|Genesis 24:35|c2,Genesis 24:35,Chayei Sara,"And the LORD hath {{c1::blessed}} my master greatly; and he is become great; and He hath given him flocks and herds, and silver and gold, and men-servants and maid-servants, and camels and asses.",Torah::Genesis::Chayei Sara Type::AutoCloze
JPS1917|Genesis 24:36|c1,Genesis 24:36,Chayei Sara,And {{c1::Sarah}} my master’s wife bore a son to my master when she was old; and unto him hath he given all that he hath.,Torah::Genesis::Chayei Sara Type::AutoCloze
JPS1917|Genesis 24:36|c2,Genesis 24:36,Chayei Sara,And Sarah my {{c1::master’s}} wife bore a son to my master when she was old; and unto him hath he given all that he hath.,Torah::Genesis::Chayei Sara Type::AutoCloze
JPS1917|Genesis 24:37|c1,Genesis 24:37,Chayei Sara,"And my master made me swear, saying: {{c1::Thou}} shalt not take a wife for my son of the daughters of the Canaanites, in whose land I dwell.",Torah::Genesis::Chayei Sara Type::AutoCloze
JPS1917|Genesis 24:37|c2,Genesis 24:37,Chayei Sara,"And my master made me swear, saying: Thou shalt not take a wife for my son of the daughters of the {{c1::Canaanites}}, in whose land I dwell.",Torah::Genesis::Chayei Sara Type::AutoCloze
JPS1917|Genesis 24:38|c1,Genesis 24:38,Chayei Sara,"But thou shalt go unto my {{c1::father’s}} house, and to my kindred, and take a wife for my son.",Torah::Genesis::Chayei Sara Type::AutoCloze
JPS1917|Genesis 24:38|c2,Genesis 24:38,Chayei Sara,"But thou shalt go unto my father’s house, and to my {{c1::kindred}}, and take a wife for my son.",Torah::Genesis::Chayei Sara Type::AutoCloze
JPS1917|Genesis 24:39|c1,Genesis 24:39,Chayei Sara,And {{c1::I}} said unto my master: Peradventure the woman will not follow me.,Torah::Genesis::Chayei Sara Type::AutoCloze
JPS1917|Genesis 24:39|c2,Genesis 24:39,Chayei Sara,And I said unto my master: {{c1::Peradventure}} the woman will not follow me.,Torah::Genesis::Chayei Sara Type::AutoCloze
JPS1917|Genesis 24:40|c1,Genesis 24:40,Chayei Sara,"And he said unto me: The LORD, before whom {{c1::I}} walk, will send His angel with thee, and prosper thy way; and thou shalt take a wife for my son of my kindred, and of my father’s house;",Torah::Genesis::Chayei Sara Type::AutoCloze
JPS1917|Genesis 24:40|c2,Genesis 24:40,Chayei Sara,"And he said unto me: The LORD, {{c1::before}} whom I walk, will send His angel with thee, and prosper thy way; and thou shalt take a wife for my son of my kindred, and of my father’s house;",Torah::Genesis::Chayei Sara Type::AutoCloze
JPS1917|Genesis 24:41|c1,Genesis 24:41,Chayei Sara,"then shalt thou be clear from my oath, when thou {{c1::comest}} to my kindred; and if they give her not to thee, thou shalt be clear from my oath.",Torah::Genesis::Chayei Sara Type::AutoCloze
JPS1917|Genesis 24:41|c2,Genesis 24:41,Chayei Sara,"then shalt thou be clear from my oath, when thou comest to my {{c1::kindred}}; and if they give her not to thee, thou shalt be clear from my oath.",Torah::Genesis::Chayei Sara Type::AutoCloze
JPS1917|Genesis 24:42|c1,Genesis 24:42,Chayei Sara,"And {{c1::I}} came this day unto the fountain, and said: O LORD, the God of my master Abraham, if now Thou do prosper my way which I go:",Torah::Genesis::Chayei Sara Type::AutoCloze
JPS1917|Genesis 24:42|c2,Genesis 24:42,Chayei Sara,"And I came this day unto the fountain, and said: {{c1::O}} LORD, the God of my master Abraham, if now Thou do prosper my way which I go:",Torah::Genesis::Chayei Sara Type::AutoCloze
JPS1917|Genesis 24:43|c1,Genesis 24:43,Chayei Sara,"behold, {{c1::I}} stand by the fountain of water; and let it come to pass, that the maiden that cometh forth to draw, to whom I shall say: Give me, I pray thee, a little water from thy pitcher to drink;",Torah::Genesis::Chayei Sara Type::AutoCloze
JPS1917|Genesis 24:43|c2,Genesis 24:43,Chayei Sara,"behold, I stand by the fountain of water; and let it come to pass, that the maiden that cometh forth to draw, to whom I shall say: {{c1::Give}} me, I pray thee, a little water from thy pitcher to drink;",Torah::Genesis::Chayei Sara Type::AutoCloze
JPS1917|Genesis 24:44|c1,Genesis 24:44,Chayei Sara,"and she shall say to me: {{c1::Both}} drink thou, and I will also draw for thy camels; let the same be the woman whom the LORD hath appointed for my master’s son.",Torah::Genesis::Chayei Sara Type::AutoCloze
JPS1917|Genesis 24:44|c2,Genesis 24:44,Chayei Sara,"and she shall say to me: Both drink thou, and {{c1::I}} will also draw for thy camels; let the same be the woman whom the LORD hath appointed for my master’s son.",Torah::Genesis::Chayei Sara Type::AutoCloze
JPS1917|Genesis 24:45|c1,Genesis 24:45,Chayei Sara,"And before {{c1::I}} had done speaking to my heart, behold, Rebekah came forth with her pitcher on her shoulder; and she went down unto the fountain, and drew. And I said unto her: Let me drink, I pray thee.",Torah::Genesis::Chayei Sara Type::AutoCloze
JPS1917|Genesis 24:45|c2,Genesis 24:45,Chayei Sara,"And before I had done speaking to my heart, behold, {{c1::Rebekah}} came forth with her pitcher on her shoulder; and she went down unto the fountain, and drew. And I said unto her: Let me drink, I pray thee.",Torah::Genesis::Chayei Sara Type::AutoCloze
JPS1917|Genesis 24:46|c1,Genesis 24:46,Chayei Sara,"And she made haste, and let down her pitcher from her shoulder, and said: {{c1::Drink}}, and I will give thy camels drink also. So I drank, and she made the camels drink also.",Torah::Genesis::Chayei Sara Type::AutoCloze
JPS1917|Genesis 24:46|c2,Genesis 24:46,Chayei Sara,"And she made haste, and let down her pitcher from her shoulder, and said: Drink, and {{c1::I}} will give thy camels drink also. So I drank, and she made the camels drink also.",Torah::Genesis::Chayei Sara Type::AutoCloze
JPS1917|Genesis 24:47|c1,Genesis 24:47,Chayei Sara,"And {{c1::I}} asked her, and said: Whose daughter art thou? And she said: The daughter of Bethuel, Nahor’s son, whom Milcah bore unto him. And I put the ring upon her nose, and the bracelets upon her hands.",Torah::Genesis::Chayei Sara Type::AutoCloze
JPS1917|Genesis 24:47|c2,Genesis 24:47,Chayei Sara,"And I asked her, and said: {{c1::Whose}} daughter art thou? And she said: The daughter of Bethuel, Nahor’s son, whom Milcah bore unto him. And I put the ring upon her nose, and the bracelets upon her hands.",Torah::Genesis::Chayei Sara Type::AutoCloze
JPS1917|Genesis 24:48|c1,Genesis 24:48,Chayei Sara,"And {{c1::I}} bowed my head, and prostrated myself before the LORD, and blessed the LORD, the God of my master Abraham, who had led me in the right way to take my master’s brother’s daughter for his son.",Torah::Genesis::Chayei Sara Type::AutoCloze
JPS1917|Genesis 24:48|c2,Genesis 24:48,Chayei Sara,"And I bowed my head, and prostrated myself before the LORD, and blessed the LORD, the God of my master {{c1::Abraham}}, who had led me in the right way to take my master’s brother’s daughter for his son.",Torah::Genesis::Chayei Sara Type::AutoCloze
JPS1917|Genesis 24:49|c1,Genesis 24:49,Chayei Sara,"And now if ye will deal kindly and truly with my master, tell me; and if not, tell me; that {{c1::I}} may turn to the right hand, or to the left.’",Torah::Genesis::Chayei Sara Type::AutoCloze
JPS1917|Genesis 24:49|c2,Genesis 24:49,Chayei Sara,"And now if ye will deal {{c1::kindly}} and truly with my master, tell me; and if not, tell me; that I may turn to the right hand, or to the left.’",Torah::Genesis::Chayei Sara Type::AutoCloze
JPS1917|Genesis 24:50|c1,Genesis 24:50,Chayei Sara,Then {{c1::Laban}} and Bethuel answered and said: ‘The thing proceedeth from the LORD; we cannot speak unto thee bad or good.,Torah::Genesis::Chayei Sara Type::AutoCloze
JPS1917|Genesis 24:50|c2,Genesis 24:50,Chayei Sara,Then Laban and {{c1::Bethuel}} answered and said: ‘The thing proceedeth from the LORD; we cannot speak unto thee bad or good.,Torah::Genesis::Chayei Sara Type::AutoCloze
JPS1917|Genesis 24:51|c1,Genesis 24:51,Chayei Sara,"Behold, {{c1::Rebekah}} is before thee, take her, and go, and let her be thy master’s son’s wife, as the LORD hath spoken.’",Torah::Genesis::Chayei Sara Type::AutoCloze
JPS1917|Genesis 24:51|c2,Genesis 24:51,Chayei Sara,"{{c1::Behold}}, Rebekah is before thee, take her, and go, and let her be thy master’s son’s wife, as the LORD hath spoken.’",Torah::Genesis::Chayei Sara Type::AutoCloze
JPS1917|Genesis 24:52|c1,Genesis 24:52,Chayei Sara,"And it came to pass, that, when {{c1::Abraham’s}} servant heard their words, he bowed himself down to the earth unto the LORD.",Torah::Genesis::Chayei Sara Type::AutoCloze
JPS1917|Genesis 24:52|c2,Genesis 24:52,Chayei Sara,"And it came to pass, that, when Abraham’s {{c1::servant}} heard their words, he bowed himself down to the earth unto the LORD.",Torah::Genesis::Chayei Sara Type::AutoCloze
JPS1917|Genesis 24:53|c1,Genesis 24:53,Chayei Sara,"And the servant brought forth jewels of silver, and jewels of gold, and raiment, and gave them to {{c1::Rebekah}}; he gave also to her brother and to her mother precious things.",Torah::Genesis::Chayei Sara Type::AutoCloze
JPS1917|Genesis 24:53|c2,Genesis 24:53,Chayei Sara,"And the {{c1::servant}} brought forth jewels of silver, and jewels of gold, and raiment, and gave them to Rebekah; he gave also to her brother and to her mother precious things.",Torah::Genesis::Chayei Sara Type::AutoCloze
JPS1917|Genesis 24:54|c1,Genesis 24:54,Chayei Sara,"And they did eat and drink, he and the men that were with him, and tarried all night; and they rose up in the morning, and he said: ‘{{c1::Send}} me away unto my master.’",Torah::Genesis::Chayei Sara Type::AutoCloze
JPS1917|Genesis 24:54|c2,Genesis 24:54,Chayei Sara,"And they did eat and drink, he and the men that were with him, and {{c1::tarried}} all night; and they rose up in the morning, and he said: ‘Send me away unto my master.’",Torah::Genesis::Chayei Sara Type::AutoCloze
JPS1917|Genesis 24:55|c1,Genesis 24:55,Chayei Sara,"And her brother and her mother said: ‘{{c1::Let}} the damsel abide with us a few days, at the least ten; after that she shall go.’",Torah::Genesis::Chayei Sara Type::AutoCloze
JPS1917|Genesis 24:55|c2,Genesis 24:55,Chayei Sara,"And her {{c1::brother}} and her mother said: ‘Let the damsel abide with us a few days, at the least ten; after that she shall go.’",Torah::Genesis::Chayei Sara Type::AutoCloze
JPS1917|Genesis 24:56|c1,Genesis 24:56,Chayei Sara,"And he said unto them: ‘{{c1::Delay}} me not, seeing the LORD hath prospered my way; send me away that I may go to my master.’",Torah::Genesis::Chayei Sara Type::AutoCloze
JPS1917|Genesis 24:56|c2,Genesis 24:56,Chayei Sara,"And he said unto them: ‘Delay me not, seeing the LORD hath prospered my way; send me away that {{c1::I}} may go to my master.’",Torah::Genesis::Chayei Sara Type::AutoCloze
JPS1917|Genesis 24:57|c1,Genesis 24:57,Chayei Sara,"And they said: ‘{{c1::We}} will call the damsel, and inquire at her mouth.’",Torah::Genesis::Chayei Sara Type::AutoCloze
JPS1917|Genesis 24:57|c2,Genesis 24:57,Chayei Sara,"And they said: ‘We will call the {{c1::damsel}}, and inquire at her mouth.’",Torah::Genesis::Chayei Sara Type::AutoCloze
JPS1917|Genesis 24:58|c1,Genesis 24:58,Chayei Sara,"And they called {{c1::Rebekah}}, and said unto her: ‘Wilt thou go with this man?’ And she said: ‘I will go.’",Torah::Genesis::Chayei Sara Type::AutoCloze
JPS1917|Genesis 24:58|c2,Genesis 24:58,Chayei Sara,"And they called Rebekah, and said unto her: ‘{{c1::Wilt}} thou go with this man?’ And she said: ‘I will go.’",Torah::Genesis::Chayei Sara Type::AutoCloze
JPS1917|Genesis 24:59|c1,Genesis 24:59,Chayei Sara,"And they sent away {{c1::Rebekah}} their sister, and her nurse, and Abraham’s servant, and his men.",Torah::Genesis::Chayei Sara Type::AutoCloze
JPS1917|Genesis 24:59|c2,Genesis 24:59,Chayei Sara,"And they sent away Rebekah their sister, and her nurse, and {{c1::Abraham’s}} servant, and his men.",Torah::Genesis::Chayei Sara Type::AutoCloze
JPS1917|Genesis 24:60|c1,Genesis 24:60,Chayei Sara,"And they blessed {{c1::Rebekah}}, and said unto her: ‘Our sister, be thou the mother of thousands of ten thousands, and let thy seed possess the gate of those that hate them.’",Torah::Genesis::Chayei Sara Type::AutoCloze
JPS1917|Genesis 24:60|c2,Genesis 24:60,Chayei Sara,"And they blessed Rebekah, and said unto her: ‘{{c1::Our}} sister, be thou the mother of thousands of ten thousands, and let thy seed possess the gate of those that hate them.’",Torah::Genesis::Chayei Sara Type::AutoCloze
JPS1917|Genesis 24:61|c1,Genesis 24:61,Chayei Sara,"And {{c1::Rebekah}} arose, and her damsels, and they rode upon the camels, and followed the man. And the servant took Rebekah, and went his way.",Torah::Genesis::Chayei Sara Type::AutoCloze
JPS1917|Genesis 24:61|c2,Genesis 24:61,Chayei Sara,"And Rebekah arose, and her {{c1::damsels}}, and they rode upon the camels, and followed the man. And the servant took Rebekah, and went his way.",Torah::Genesis::Chayei Sara Type::AutoCloze
JPS1917|Genesis 24:62|c1,Genesis 24:62,Chayei Sara,And {{c1::Isaac}} came from the way of Beer-lahai-roi; for he dwelt in the land of the South.,Torah::Genesis::Chayei Sara Type::AutoCloze
JPS1917|Genesis 24:62|c2,Genesis 24:62,Chayei Sara,And Isaac came from the way of {{c1::Beer}}-lahai-roi; for he dwelt in the land of the South.,Torah::Genesis::Chayei Sara Type::AutoCloze
JPS1917|Genesis 24:63|c1,Genesis 24:63,Chayei Sara,"And {{c1::Isaac}} went out to meditate in the field at the eventide; and he lifted up his eyes, and saw, and, behold, there were camels coming.",Torah::Genesis::Chayei Sara Type::AutoCloze
JPS1917|Genesis 24:63|c2,Genesis 24:63,Chayei Sara,"And Isaac went out to {{c1::meditate}} in the field at the eventide; and he lifted up his eyes, and saw, and, behold, there were camels coming.",Torah::Genesis::Chayei Sara Type::AutoCloze
JPS1917|Genesis 24:64|c1,Genesis 24:64,Chayei Sara,"And {{c1::Rebekah}} lifted up her eyes, and when she saw Isaac, she alighted from the camel.",Torah::Genesis::Chayei Sara Type::AutoCloze
JPS1917|Genesis 24:64|c2,Genesis 24:64,Chayei Sara,"And Rebekah lifted up her eyes, and when she saw {{c1::Isaac}}, she alighted from the camel.",Torah::Genesis::Chayei Sara Type::AutoCloze
JPS1917|Genesis 24:65|c1,Genesis 24:65,Chayei Sara,"And she said unto the servant: ‘{{c1::What}} man is this that walketh in the field to meet us?’ And the servant said: ‘It is my master.’ And she took her veil, and covered herself.",Torah::Genesis::Chayei Sara Type::AutoCloze
JPS1917|Genesis 24:65|c2,Genesis 24:65,Chayei Sara,"And she said unto the servant: ‘What man is this that walketh in the field to meet us?’ And the servant said: ‘{{c1::It}} is my master.’ And she took her veil, and covered herself.",Torah::Genesis::Chayei Sara Type::AutoCloze
JPS1917|Genesis 24:66|c1,Genesis 24:66,Chayei Sara,And the servant told {{c1::Isaac}} all the things that he had done.,Torah::Genesis::Chayei Sara Type::AutoCloze
JPS1917|Genesis 24:66|c2,Genesis 24:66,Chayei Sara,And the {{c1::servant}} told Isaac all the things that he had done.,Torah::Genesis::Chayei Sara Type::AutoCloze
JPS1917|Genesis 24:67|c1,Genesis 24:67,Chayei Sara,"And {{c1::Isaac}} brought her into his mother Sarah’s tent, and took Rebekah, and she became his wife; and he loved her. And Isaac was comforted for his mother.",Torah::Genesis::Chayei Sara Type::AutoCloze
JPS1917|Genesis 24:67|c2,Genesis 24:67,Chayei Sara,"And Isaac brought her into his mother {{c1::Sarah’s}} tent, and took Rebekah, and she became his wife; and he loved her. And Isaac was comforted for his mother.",Torah::Genesis::Chayei Sara Type::AutoCloze
JPS1917|Genesis 25:1|c1,Genesis 25:1,Chayei Sara,"And {{c1::Abraham}} took another wife, and her name was Keturah.",Torah::Genesis::Chayei Sara Type::AutoCloze
JPS1917|Genesis 25:1|c2,Genesis 25:1,Chayei Sara,"And Abraham took another wife, and her name was {{c1::Keturah}}.",Torah::Genesis::Chayei Sara Type::AutoCloze
JPS1917|Genesis 25:2|c1,Genesis 25:2,Chayei Sara,"And she bore him {{c1::Zimran}}, and Jokshan, and Medan, and Midian, and Ishbak, and Shuah.",Torah::Genesis::Chayei Sara Type::AutoCloze
JPS1917|Genesis 25:2|c2,Genesis 25:2,Chayei Sara,"And she bore him Zimran, and {{c1::Jokshan}}, and Medan, and Midian, and Ishbak, and Shuah.",Torah::Genesis::Chayei Sara Type::AutoCloze
JPS1917|Genesis 25:3|c1,Genesis 25:3,Chayei Sara,"And {{c1::Jokshan}} begot Sheba, and Dedan. And the sons of Dedan were Asshurim, and Letushim, and Leummim.",Torah::Genesis::Chayei Sara Type::AutoCloze
JPS1917|Genesis 25:3|c2,Genesis 25:3,Chayei Sara,"And Jokshan begot {{c1::Sheba}}, and Dedan. And the sons of Dedan were Asshurim, and Letushim, and Leummim.",Torah::Genesis::Chayei Sara Type::AutoCloze
JPS1917|Genesis 25:4|c1,Genesis 25:4,Chayei Sara,"And the sons of {{c1::Midian}}: Ephah, and Epher, and Hanoch, and Abida, and Eldaah. All these were the children of Keturah.",Torah::Genesis::Chayei Sara Type::AutoCloze
JPS1917|Genesis 25:4|c2,Genesis 25:4,Chayei Sara,"And the sons of Midian: {{c1::Ephah}}, and Epher, and Hanoch, and Abida, and Eldaah. All these were the children of Keturah.",Torah::Genesis::Chayei Sara Type::AutoCloze
JPS1917|Genesis 25:5|c1,Genesis 25:5,Chayei Sara,And {{c1::Abraham}} gave all that he had unto Isaac.,Torah::Genesis::Chayei Sara Type::AutoCloze
JPS1917|Genesis 25:5|c2,Genesis 25:5,Chayei Sara,And Abraham gave all that he had unto {{c1::Isaac}}.,Torah::Genesis::Chayei Sara Type::AutoCloze
JPS1917|Genesis 25:6|c1,Genesis 25:6,Chayei Sara,"But unto the sons of the concubines, that {{c1::Abraham}} had, Abraham gave gifts; and he sent them away from Isaac his son, while he yet lived, eastward, unto the east country.",Torah::Genesis::Chayei Sara Type::AutoCloze
JPS1917|Genesis 25:6|c2,Genesis 25:6,Chayei Sara,"But unto the sons of the concubines, that Abraham had, Abraham gave gifts; and he sent them away from {{c1::Isaac}} his son, while he yet lived, eastward, unto the east country.",Torah::Genesis::Chayei Sara Type::AutoCloze
JPS1917|Genesis 25:7|c1,Genesis 25:7,Chayei Sara,"And these are the days of the years of {{c1::Abraham’s}} life which he lived, a hundred threescore and fifteen years.",Torah::Genesis::Chayei Sara Type::AutoCloze
JPS1917|Genesis 25:7|c2,Genesis 25:7,Chayei Sara,"And these are the days of the years of Abraham’s life which he lived, a {{c1::hundred}} threescore and fifteen years.",Torah::Genesis::Chayei Sara Type::AutoCloze
JPS1917|Genesis 25:8|c1,Genesis 25:8,Chayei Sara,"And {{c1::Abraham}} expired, and died in a good old age, an old man, and full of years; and was gathered to his people.",Torah::Genesis::Chayei Sara Type::AutoCloze
JPS1917|Genesis 25:8|c2,Genesis 25:8,Chayei Sara,"And Abraham {{c1::expired}}, and died in a good old age, an old man, and full of years; and was gathered to his people.",Torah::Genesis::Chayei Sara Type::AutoCloze
JPS1917|Genesis 25:9|c1,Genesis 25:9,Chayei Sara,"And {{c1::Isaac}} and Ishmael his sons buried him in the cave of Machpelah, in the field of Ephron the son of Zohar the Hittite, which is before Mamre;",Torah::Genesis::Chayei Sara Type::AutoCloze
JPS1917|Genesis 25:9|c2,Genesis 25:9,Chayei Sara,"And Isaac and {{c1::Ishmael}} his sons buried him in the cave of Machpelah, in the field of Ephron the son of Zohar the Hittite, which is before Mamre;",Torah::Genesis::Chayei Sara Type::AutoCloze
JPS1917|Genesis 25:10|c1,Genesis 25:10,Chayei Sara,"the field which {{c1::Abraham}} purchased of the children of Heth; there was Abraham buried, and Sarah his wife.",Torah::Genesis::Chayei Sara Type::AutoCloze
JPS1917|Genesis 25:10|c2,Genesis 25:10,Chayei Sara,"the field which Abraham purchased of the children of {{c1::Heth}}; there was Abraham buried, and Sarah his wife.",Torah::Genesis::Chayei Sara Type::AutoCloze
JPS1917|Genesis 25:11|c1,Genesis 25:11,Chayei Sara,"And it came to pass after the death of {{c1::Abraham}}, that God blessed Isaac his son; and Isaac dwelt by Beer-lahai-roi.",Torah::Genesis::Chayei Sara Type::AutoCloze
JPS1917|Genesis 25:11|c2,Genesis 25:11,Chayei Sara,"And it came to pass after the death of Abraham, that God blessed {{c1::Isaac}} his son; and Isaac dwelt by Beer-lahai-roi.",Torah::Genesis::Chayei Sara Type::AutoCloze
JPS1917|Genesis 25:12|c1,Genesis 25:12,Chayei Sara,"Now these are the generations of {{c1::Ishmael}}, Abraham’s son, whom Hagar the Egyptian, Sarah’s handmaid, bore unto Abraham.",Torah::Genesis::Chayei Sara Type::AutoCloze
JPS1917|Genesis 25:12|c2,Genesis 25:12,Chayei Sara,"Now these are the generations of Ishmael, {{c1::Abraham’s}} son, whom Hagar the Egyptian, Sarah’s handmaid, bore unto Abraham.",Torah::Genesis::Chayei Sara Type::AutoCloze
JPS1917|Genesis 25:13|c1,Genesis 25:13,Chayei Sara,"And these are the names of the sons of {{c1::Ishmael}}, by their names, according to their generations: the first-born of Ishmael, Nebaioth; and Kedar, and Adbeel, and Mibsam,",Torah::Genesis::Chayei Sara Type::AutoCloze
JPS1917|Genesis 25:13|c2,Genesis 25:13,Chayei Sara,"And these are the names of the sons of Ishmael, by their names, according to their generations: the first-born of Ishmael, {{c1::Nebaioth}}; and Kedar, and Adbeel, and Mibsam,",Torah::Genesis::Chayei Sara Type::AutoCloze
JPS1917|Genesis 25:14|c1,Genesis 25:14,Chayei Sara,"and {{c1::Mishma}}, and Dumah, and Massa;",Torah::Genesis::Chayei Sara Type::AutoCloze
JPS1917|Genesis 25:14|c2,Genesis 25:14,Chayei Sara,"and Mishma, and {{c1::Dumah}}, and Massa;",Torah::Genesis::Chayei Sara Type::AutoCloze
JPS1917|Genesis 25:15|c1,Genesis 25:15,Chayei Sara,"Hadad, and {{c1::Tema}}, Jetur, Naphish, and Kedem;",Torah::Genesis::Chayei Sara Type::AutoCloze
JPS1917|Genesis 25:15|c2,Genesis 25:15,Chayei Sara,"Hadad, and Tema, {{c1::Jetur}}, Naphish, and Kedem;",Torah::Genesis::Chayei Sara Type::AutoCloze
JPS1917|Genesis 25:16|c1,Genesis 25:16,Chayei Sara,"these are the sons of {{c1::Ishmael}}, and these are their names, by their villages, and by their encampments; twelve princes according to their nations.",Torah::Genesis::Chayei Sara Type::AutoCloze
JPS1917|Genesis 25:16|c2,Genesis 25:16,Chayei Sara,"these are the sons of Ishmael, and these are their names, by their {{c1::villages}}, and by their encampments; twelve princes according to their nations.",Torah::Genesis::Chayei Sara Type::AutoCloze
JPS1917|Genesis 25:17|c1,Genesis 25:17,Chayei Sara,"And these are the years of the life of {{c1::Ishmael}}, a hundred and thirty and seven years; and he expired and died; and was gathered unto his people.",Torah::Genesis::Chayei Sara Type::AutoCloze
JPS1917|Genesis 25:17|c2,Genesis 25:17,Chayei Sara,"And these are the years of the life of Ishmael, a {{c1::hundred}} and thirty and seven years; and he expired and died; and was gathered unto his people.",Torah::Genesis::Chayei Sara Type::AutoCloze
JPS1917|Genesis 25:18|c1,Genesis 25:18,Chayei Sara,"And they dwelt from {{c1::Havilah}} unto Shur that is before Egypt, as thou goest toward Asshur: over against all his brethren he did settle.",Torah::Genesis::Chayei Sara Type::AutoCloze
JPS1917|Genesis 25:18|c2,Genesis 25:18,Chayei Sara,"And they dwelt from Havilah unto {{c1::Shur}} that is before Egypt, as thou goest toward Asshur: over against all his brethren he did settle.",Torah::Genesis::Chayei Sara Type::AutoCloze
