JPS1917|Numbers 33:1|c1,Numbers 33:1,Masei,"These are the stages of the children of {{c1::Israel}}, by which they went forth out of the land of Egypt by their hosts under the hand of Moses and Aaron.",Torah::Numbers::Masei Type::AutoCloze
JPS1917|Numbers 33:1|c2,Numbers 33:1,Masei,"These are the stages of the children of Israel, by which they went forth out of the land of {{c1::Egypt}} by their hosts under the hand of Moses and Aaron.",Torah::Numbers::Masei Type::AutoCloze
JPS1917|Numbers 33:2|c1,Numbers 33:2,Masei,"And {{c1::Moses}} wrote their goings forth, stage by stage, by the commandment of the LORD; and these are their stages at their goings forth.",Torah::Numbers::Masei Type::AutoCloze
JPS1917|Numbers 33:2|c2,Numbers 33:2,Masei,"And Moses wrote their {{c1::goings}} forth, stage by stage, by the commandment of the LORD; and these are their stages at their goings forth.",Torah::Numbers::Masei Type::AutoCloze
JPS1917|Numbers 33:3|c1,Numbers 33:3,Masei,"And they journeyed from {{c1::Rameses}} in the first month, on the fifteenth day of the first month; on the morrow after the passover the children of Israel went out with a high hand in the sight of all the Egyptians,",Torah::Numbers::Masei Type::AutoCloze
JPS1917|Numbers 33:3|c2,Numbers 33:3,Masei,"And they journeyed from Rameses in the first month, on the fifteenth day of the first month; on the morrow after the passover the children of {{c1::Israel}} went out with a high hand in the sight of all the Egyptians,",Torah::Numbers::Masei Type::AutoCloze
JPS1917|Numbers 33:4|c1,Numbers 33:4,Masei,"while the {{c1::Egyptians}} were burying them that the LORD had smitten among them, even all their first-born; upon their gods also the LORD executed judgments.",Torah::Numbers::Masei Type::AutoCloze
JPS1917|Numbers 33:4|c2,Numbers 33:4,Masei,"while the Egyptians were {{c1::burying}} them that the LORD had smitten among them, even all their first-born; upon their gods also the LORD executed judgments.",Torah::Numbers::Masei Type::AutoCloze
JPS1917|Numbers 33:5|c1,Numbers 33:5,Masei,"And the children of {{c1::Israel}} journeyed from Rameses, and pitched in Succoth.",Torah::Numbers::Masei Type::AutoCloze
JPS1917|Numbers 33:5|c2,Numbers 33:5,Masei,"And the children of Israel journeyed from {{c1::Rameses}}, and pitched in Succoth.",Torah::Numbers::Masei Type::AutoCloze
JPS1917|Numbers 33:6|c1,Numbers 33:6,Masei,"And they journeyed from {{c1::Succoth}}, and pitched in Etham, which is in the edge of the wilderness.",Torah::Numbers::Masei Type::AutoCloze
JPS1917|Numbers 33:6|c2,Numbers 33:6,Masei,"And they journeyed from Succoth, and pitched in {{c1::Etham}}, which is in the edge of the wilderness.",Torah::Numbers::Masei Type::AutoCloze
JPS1917|Numbers 33:7|c1,Numbers 33:7,Masei,"And they journeyed from {{c1::Etham}}, and turned back unto Pihahiroth, which is before Baal-zephon; and they pitched before Migdol.",Torah::Numbers::Masei Type::AutoCloze
JPS1917|Numbers 33:7|c2,Numbers 33:7,Masei,"And they journeyed from Etham, and turned back unto {{c1::Pihahiroth}}, which is before Baal-zephon; and they pitched before Migdol.",Torah::Numbers::Masei Type::AutoCloze
JPS1917|Numbers 33:8|c1,Numbers 33:8,Masei,"And they journeyed from {{c1::Penehahiroth}}, and passed through the midst of the sea into the wilderness; and they went three days’journey in the wilderness of Etham, and pitched in Marah.",Torah::Numbers::Masei Type::AutoCloze
JPS1917|Numbers 33:8|c2,Numbers 33:8,Masei,"And they journeyed from Penehahiroth, and passed through the midst of the sea into the wilderness; and they went three days’journey in the wilderness of {{c1::Etham}}, and pitched in Marah.",Torah::Numbers::Masei Type::AutoCloze
JPS1917|Numbers 33:9|c1,Numbers 33:9,Masei,"And they journeyed from {{c1::Marah}}, and came unto Elim; and in Elim were twelve springs of water, and threescore and ten palm-trees; and they pitched there.",Torah::Numbers::Masei Type::AutoCloze
JPS1917|Numbers 33:9|c2,Numbers 33:9,Masei,"And they journeyed from Marah, and came unto {{c1::Elim}}; and in Elim were twelve springs of water, and threescore and ten palm-trees; and they pitched there.",Torah::Numbers::Masei Type::AutoCloze
JPS1917|Numbers 33:10|c1,Numbers 33:10,Masei,"And they journeyed from {{c1::Elim}}, and pitched by the Red Sea.",Torah::Numbers::Masei Type::AutoCloze
JPS1917|Numbers 33:10|c2,Numbers 33:10,Masei,"And they journeyed from Elim, and pitched by the {{c1::Red}} Sea.",Torah::Numbers::Masei Type::AutoCloze
JPS1917|Numbers 33:11|c1,Numbers 33:11,Masei,"And they journeyed from the {{c1::Red}} Sea, and pitched in the wilderness of Sin.",Torah::Numbers::Masei Type::AutoCloze
JPS1917|Numbers 33:11|c2,Numbers 33:11,Masei,"And they journeyed from the Red {{c1::Sea}}, and pitched in the wilderness of Sin.",Torah::Numbers::Masei Type::AutoCloze
JPS1917|Numbers 33:12|c1,Numbers 33:12,Masei,"And they journeyed from the wilderness of {{c1::Sin}}, and pitched in Dophkah.",Torah::Numbers::Masei Type::AutoCloze
JPS1917|Numbers 33:12|c2,Numbers 33:12,Masei,"And they journeyed from the wilderness of Sin, and pitched in {{c1::Dophkah}}.",Torah::Numbers::Masei Type::AutoCloze
JPS1917|Numbers 33:13|c1,Numbers 33:13,Masei,"And they journeyed from {{c1::Dophkah}}, and pitched in Alush.",Torah::Numbers::Masei Type::AutoCloze
JPS1917|Numbers 33:13|c2,Numbers 33:13,Masei,"And they journeyed from Dophkah, and pitched in {{c1::Alush}}.",Torah::Numbers::Masei Type::AutoCloze
JPS1917|Numbers 33:14|c1,Numbers 33:14,Masei,"And they journeyed from {{c1::Alush}}, and pitched in Rephidim, where was no water for the people to drink.",Torah::Numbers::Masei Type::AutoCloze
JPS1917|Numbers 33:14|c2,Numbers 33:14,Masei,"And they journeyed from Alush, and pitched in {{c1::Rephidim}}, where was no water for the people to drink.",Torah::Numbers::Masei Type::AutoCloze
JPS1917|Numbers 33:15|c1,Numbers 33:15,Masei,"And they journeyed from {{c1::Rephidim}}, and pitched in the wilderness of Sinai.",Torah::Numbers::Masei Type::AutoCloze
JPS1917|Numbers 33:15|c2,Numbers 33:15,Masei,"And they journeyed from Rephidim, and pitched in the wilderness of {{c1::Sinai}}.",Torah::Numbers::Masei Type::AutoCloze
JPS1917|Numbers 33:16|c1,Numbers 33:16,Masei,"And they journeyed from the wilderness of {{c1::Sinai}}, and pitched in Kibroth-hattaavah.",Torah::Numbers::Masei Type::AutoCloze
JPS1917|Numbers 33:16|c2,Numbers 33:16,Masei,"And they journeyed from the wilderness of Sinai, and pitched in {{c1::Kibroth}}-hattaavah.",Torah::Numbers::Masei Type::AutoCloze
JPS1917|Numbers 33:17|c1,Numbers 33:17,Masei,"And they journeyed from {{c1::Kibroth}}-hattaavah, and pitched in Hazeroth.",Torah::Numbers::Masei Type::AutoCloze
JPS1917|Numbers 33:17|c2,Numbers 33:17,Masei,"And they journeyed from Kibroth-hattaavah, and pitched in {{c1::Hazeroth}}.",Torah::Numbers::Masei Type::AutoCloze
JPS1917|Numbers 33:18|c1,Numbers 33:18,Masei,"And they journeyed from {{c1::Hazeroth}}, and pitched in Rithmah.",Torah::Numbers::Masei Type::AutoCloze
JPS1917|Numbers 33:18|c2,Numbers 33:18,Masei,"And they journeyed from Hazeroth, and pitched in {{c1::Rithmah}}.",Torah::Numbers::Masei Type::AutoCloze
JPS1917|Numbers 33:19|c1,Numbers 33:19,Masei,"And they journeyed from {{c1::Rithmah}}, and pitched in Rimmon-perez.",Torah::Numbers::Masei Type::AutoCloze
JPS1917|Numbers 33:19|c2,Numbers 33:19,Masei,"And they journeyed from Rithmah, and pitched in {{c1::Rimmon}}-perez.",Torah::Numbers::Masei Type::AutoCloze
JPS1917|Numbers 33:20|c1,Numbers 33:20,Masei,"And they journeyed from {{c1::Rimmon}}-perez, and pitched in Libnah.",Torah::Numbers::Masei Type::AutoCloze
JPS1917|Numbers 33:20|c2,Numbers 33:20,Masei,"And they journeyed from Rimmon-perez, and pitched in {{c1::Libnah}}.",Torah::Numbers::Masei Type::AutoCloze
JPS1917|Numbers 33:21|c1,Numbers 33:21,Masei,"And they journeyed from {{c1::Libnah}}, and pitched in Rissah.",Torah::Numbers::Masei Type::AutoCloze
JPS1917|Numbers 33:21|c2,Numbers 33:21,Masei,"And they journeyed from Libnah, and pitched in {{c1::Rissah}}.",Torah::Numbers::Masei Type::AutoCloze
JPS1917|Numbers 33:22|c1,Numbers 33:22,Masei,"And they journeyed from {{c1::Rissah}}, and pitched in Kehelah.",Torah::Numbers::Masei Type::AutoCloze
JPS1917|Numbers 33:22|c2,Numbers 33:22,Masei,"And they journeyed from Rissah, and pitched in {{c1::Kehelah}}.",Torah::Numbers::Masei Type::AutoCloze
JPS1917|Numbers 33:23|c1,Numbers 33:23,Masei,"And they journeyed from {{c1::Kehelah}}, and pitched in mount Shepher.",Torah::Numbers::Masei Type::AutoCloze
JPS1917|Numbers 33:23|c2,Numbers 33:23,Masei,"And they journeyed from Kehelah, and pitched in mount {{c1::Shepher}}.",Torah::Numbers::Masei Type::AutoCloze
JPS1917|Numbers 33:24|c1,Numbers 33:24,Masei,"And they journeyed from mount {{c1::Shepher}}, and pitched in Haradah.",Torah::Numbers::Masei Type::AutoCloze
JPS1917|Numbers 33:24|c2,Numbers 33:24,Masei,"And they journeyed from mount Shepher, and pitched in {{c1::Haradah}}.",Torah::Numbers::Masei Type::AutoCloze
JPS1917|Numbers 33:25|c1,Numbers 33:25,Masei,"And they journeyed from {{c1::Haradah}}, and pitched in Makheloth.",Torah::Numbers::Masei Type::AutoCloze
JPS1917|Numbers 33:25|c2,Numbers 33:25,Masei,"And they journeyed from Haradah, and pitched in {{c1::Makheloth}}.",Torah::Numbers::Masei Type::AutoCloze
JPS1917|Numbers 33:26|c1,Numbers 33:26,Masei,"And they journeyed from {{c1::Makheloth}}, and pitched in Tahath.",Torah::Numbers::Masei Type::AutoCloze
JPS1917|Numbers 33:26|c2,Numbers 33:26,Masei,"And they journeyed from Makheloth, and pitched in {{c1::Tahath}}.",Torah::Numbers::Masei Type::AutoCloze
JPS1917|Numbers 33:27|c1,Numbers 33:27,Masei,"And they journeyed from {{c1::Tahath}}, and pitched in Terah.",Torah::Numbers::Masei Type::AutoCloze
JPS1917|Numbers 33:27|c2,Numbers 33:27,Masei,"And they journeyed from Tahath, and pitched in {{c1::Terah}}.",Torah::Numbers::Masei Type::AutoCloze
JPS1917|Numbers 33:28|c1,Numbers 33:28,Masei,"And they journeyed from {{c1::Terah}}, and pitched in Mithkah.",Torah::Numbers::Masei Type::AutoCloze
JPS1917|Numbers 33:28|c2,Numbers 33:28,Masei,"And they journeyed from Terah, and pitched in {{c1::Mithkah}}.",Torah::Numbers::Masei Type::AutoCloze
JPS1917|Numbers 33:29|c1,Numbers 33:29,Masei,"And they journeyed from {{c1::Mithkah}}, and pitched in Hashmonah.",Torah::Numbers::Masei Type::AutoCloze
JPS1917|Numbers 33:29|c2,Numbers 33:29,Masei,"And they journeyed from Mithkah, and pitched in {{c1::Hashmonah}}.",Torah::Numbers::Masei Type::AutoCloze
JPS1917|Numbers 33:30|c1,Numbers 33:30,Masei,"And they journeyed from {{c1::Hashmonah}}, and pitched in Moseroth.",Torah::Numbers::Masei Type::AutoCloze
JPS1917|Numbers 33:30|c2,Numbers 33:30,Masei,"And they journeyed from Hashmonah, and pitched in {{c1::Moseroth}}.",Torah::Numbers::Masei Type::AutoCloze
JPS1917|Numbers 33:31|c1,Numbers 33:31,Masei,"And they journeyed from {{c1::Moseroth}}, and pitched in Bene-jaakan.",Torah::Numbers::Masei Type::AutoCloze
JPS1917|Numbers 33:31|c2,Numbers 33:31,Masei,"And they journeyed from Moseroth, and pitched in {{c1::Bene}}-jaakan.",Torah::Numbers::Masei Type::AutoCloze
JPS1917|Numbers 33:32|c1,Numbers 33:32,Masei,"And they journeyed from {{c1::Bene}}-jaakan, and pitched in Hor-haggidgad.",Torah::Numbers::Masei Type::AutoCloze
JPS1917|Numbers 33:32|c2,Numbers 33:32,Masei,"And they journeyed from Bene-jaakan, and pitched in {{c1::Hor}}-haggidgad.",Torah::Numbers::Masei Type::AutoCloze
JPS1917|Numbers 33:33|c1,Numbers 33:33,Masei,"And they journeyed from {{c1::Hor}}-haggidgad, and pitched in Jotbah.",Torah::Numbers::Masei Type::AutoCloze
JPS1917|Numbers 33:33|c2,Numbers 33:33,Masei,"And they journeyed from Hor-haggidgad, and pitched in {{c1::Jotbah}}.",Torah::Numbers::Masei Type::AutoCloze
JPS1917|Numbers 33:34|c1,Numbers 33:34,Masei,"And they journeyed from {{c1::Jotbah}}, and pitched in Abronah.",Torah::Numbers::Masei Type::AutoCloze
JPS1917|Numbers 33:34|c2,Numbers 33:34,Masei,"And they journeyed from Jotbah, and pitched in {{c1::Abronah}}.",Torah::Numbers::Masei Type::AutoCloze
JPS1917|Numbers 33:35|c1,Numbers 33:35,Masei,"And they journeyed from {{c1::Abronah}}, and pitched in Ezion-geber.",Torah::Numbers::Masei Type::AutoCloze
JPS1917|Numbers 33:35|c2,Numbers 33:35,Masei,"And they journeyed from Abronah, and pitched in {{c1::Ezion}}-geber.",Torah::Numbers::Masei Type::AutoCloze
JPS1917|Numbers 33:36|c1,Numbers 33:36,Masei,"And they journeyed from {{c1::Ezion}}-geber, and pitched in the wilderness of Zin—the same is Kadesh.",Torah::Numbers::Masei Type::AutoCloze
JPS1917|Numbers 33:36|c2,Numbers 33:36,Masei,"And they journeyed from Ezion-geber, and pitched in the wilderness of {{c1::Zin}}—the same is Kadesh.",Torah::Numbers::Masei Type::AutoCloze
JPS1917|Numbers 33:37|c1,Numbers 33:37,Masei,"And they journeyed from {{c1::Kadesh}}, and pitched in mount Hor, in the edge of the land of Edom.—",Torah::Numbers::Masei Type::AutoCloze
JPS1917|Numbers 33:37|c2,Numbers 33:37,Masei,"And they journeyed from Kadesh, and pitched in mount {{c1::Hor}}, in the edge of the land of Edom.—",Torah::Numbers::Masei Type::AutoCloze
JPS1917|Numbers 33:38|c1,Numbers 33:38,Masei,"And {{c1::Aaron}} the priest went up into mount Hor at the commandment of the LORD, and died there, in the fortieth year after the children of Israel were come out of the land of Egypt, in the fifth month, on the first day of the month.",Torah::Numbers::Masei Type::AutoCloze
JPS1917|Numbers 33:38|c2,Numbers 33:38,Masei,"And Aaron the priest went up into mount {{c1::Hor}} at the commandment of the LORD, and died there, in the fortieth year after the children of Israel were come out of the land of Egypt, in the fifth month, on the first day of the month.",Torah::Numbers::Masei Type::AutoCloze
JPS1917|Numbers 33:39|c1,Numbers 33:39,Masei,And {{c1::Aaron}} was a hundred and twenty and three years old when he died in mount Hor.,Torah::Numbers::Masei Type::AutoCloze
JPS1917|Numbers 33:39|c2,Numbers 33:39,Masei,And Aaron was a hundred and twenty and three years old when he died in mount {{c1::Hor}}.,Torah::Numbers::Masei Type::AutoCloze
JPS1917|Numbers 33:40|c1,Numbers 33:40,Masei,"And the {{c1::Canaanite}}, the king of Arad, who dwelt in the South in the land of Canaan, heard of the coming of the children of Israel.—",Torah::Numbers::Masei Type::AutoCloze
JPS1917|Numbers 33:40|c2,Numbers 33:40,Masei,"And the Canaanite, the king of {{c1::Arad}}, who dwelt in the South in the land of Canaan, heard of the coming of the children of Israel.—",Torah::Numbers::Masei Type::AutoCloze
JPS1917|Numbers 33:41|c1,Numbers 33:41,Masei,"And they journeyed from mount {{c1::Hor}}, and pitched in Zalmonah.",Torah::Numbers::Masei Type::AutoCloze
JPS1917|Numbers 33:41|c2,Numbers 33:41,Masei,"And they journeyed from mount Hor, and pitched in {{c1::Zalmonah}}.",Torah::Numbers::Masei Type::AutoCloze
JPS1917|Numbers 33:42|c1,Numbers 33:42,Masei,"And they journeyed from {{c1::Zalmonah}}, and pitched in Punon.",Torah::Numbers::Masei Type::AutoCloze
JPS1917|Numbers 33:42|c2,Numbers 33:42,Masei,"And they journeyed from Zalmonah, and pitched in {{c1::Punon}}.",Torah::Numbers::Masei Type::AutoCloze
JPS1917|Numbers 33:43|c1,Numbers 33:43,Masei,"And they journeyed from {{c1::Punon}}, and pitched in Oboth.",Torah::Numbers::Masei Type::AutoCloze
JPS1917|Numbers 33:43|c2,Numbers 33:43,Masei,"And they journeyed from Punon, and pitched in {{c1::Oboth}}.",Torah::Numbers::Masei Type::AutoCloze
JPS1917|Numbers 33:44|c1,Numbers 33:44,Masei,"And they journeyed from {{c1::Oboth}}, and pitched in Ije-abarim, in the border of Moab.",Torah::Numbers::Masei Type::AutoCloze
JPS1917|Numbers 33:44|c2,Numbers 33:44,Masei,"And they journeyed from Oboth, and pitched in {{c1::Ije}}-abarim, in the border of Moab.",Torah::Numbers::Masei Type::AutoCloze
JPS1917|Numbers 33:45|c1,Numbers 33:45,Masei,"And they journeyed from {{c1::Ijim}}, and pitched in Dibon-gad.",Torah::Numbers::Masei Type::AutoCloze
JPS1917|Numbers 33:45|c2,Numbers 33:45,Masei,"And they journeyed from Ijim, and pitched in {{c1::Dibon}}-gad.",Torah::Numbers::Masei Type::AutoCloze
JPS1917|Numbers 33:46|c1,Numbers 33:46,Masei,"And they journeyed from {{c1::Dibon}}-gad, and pitched in Almon-diblathaim.",Torah::Numbers::Masei Type::AutoCloze
JPS1917|Numbers 33:46|c2,Numbers 33:46,Masei,"And they journeyed from Dibon-gad, and pitched in {{c1::Almon}}-diblathaim.",Torah::Numbers::Masei Type::AutoCloze
JPS1917|Numbers 33:47|c1,Numbers 33:47,Masei,"And they journeyed from {{c1::Almon}}-diblathaim, and pitched in the mountains of Abarim, in front of Nebo.",Torah::Numbers::Masei Type::AutoCloze
JPS1917|Numbers 33:47|c2,Numbers 33:47,Masei,"And they journeyed from Almon-diblathaim, and pitched in the mountains of {{c1::Abarim}}, in front of Nebo.",Torah::Numbers::Masei Type::AutoCloze
JPS1917|Numbers 33:48|c1,Numbers 33:48,Masei,"And they journeyed from the mountains of {{c1::Abarim}}, and pitched in the plains of Moab by the Jordan at Jericho.",Torah::Numbers::Masei Type::AutoCloze
JPS1917|Numbers 33:48|c2,Numbers 33:48,Masei,"And they journeyed from the mountains of Abarim, and pitched in the plains of {{c1::Moab}} by the Jordan at Jericho.",Torah::Numbers::Masei Type::AutoCloze
JPS1917|Numbers 33:49|c1,Numbers 33:49,Masei,"And they pitched by the {{c1::Jordan}}, from Beth-jeshimoth even unto Abel-shittim in the plains of Moab.",Torah::Numbers::Masei Type::AutoCloze
JPS1917|Numbers 33:49|c2,Numbers 33:49,Masei,"And they pitched by the Jordan, from {{c1::Beth}}-jeshimoth even unto Abel-shittim in the plains of Moab.",Torah::Numbers::Masei Type::AutoCloze
JPS1917|Numbers 33:50|c1,Numbers 33:50,Masei,"And the LORD spoke unto {{c1::Moses}} in the plains of Moab by the Jordan at Jericho, saying:",Torah::Numbers::Masei Type::AutoCloze
JPS1917|Numbers 33:50|c2,Numbers 33:50,Masei,"And the LORD spoke unto Moses in the plains of {{c1::Moab}} by the Jordan at Jericho, saying:",Torah::Numbers::Masei Type::AutoCloze
JPS1917|Numbers 33:51|c1,Numbers 33:51,Masei,"’Speak unto the children of {{c1::Israel}}, and say unto them: When ye pass over the Jordan into the land of Canaan,",Torah::Numbers::Masei Type::AutoCloze
JPS1917|Numbers 33:51|c2,Numbers 33:51,Masei,"’Speak unto the children of Israel, and say unto them: When ye pass over the {{c1::Jordan}} into the land of Canaan,",Torah::Numbers::Masei Type::AutoCloze
JPS1917|Numbers 33:52|c1,Numbers 33:52,Masei,"then ye shall drive out all the {{c1::inhabitants}} of the land from before you, and destroy all their figured stones, and destroy all their molten images, and demolish all their high places.",Torah::Numbers::Masei Type::AutoCloze
JPS1917|Numbers 33:52|c2,Numbers 33:52,Masei,"then ye shall drive out all the inhabitants of the land from {{c1::before}} you, and destroy all their figured stones, and destroy all their molten images, and demolish all their high places.",Torah::Numbers::Masei Type::AutoCloze
JPS1917|Numbers 33:53|c1,Numbers 33:53,Masei,"And ye shall drive out the inhabitants of the land, and dwell therein; for unto you have {{c1::I}} given the land to possess it.",Torah::Numbers::Masei Type::AutoCloze
JPS1917|Numbers 33:53|c2,Numbers 33:53,Masei,"And ye shall drive out the {{c1::inhabitants}} of the land, and dwell therein; for unto you have I given the land to possess it.",Torah::Numbers::Masei Type::AutoCloze
JPS1917|Numbers 33:54|c1,Numbers 33:54,Masei,"And ye shall {{c1::inherit}} the land by lot according to your families—to the more ye shall give the more inheritance, and to the fewer thou shalt give the less inheritance; wheresoever the lot falleth to any man, that shall be his; according to the tribes of your fathers shall ye inherit.",Torah::Numbers::Masei Type::AutoCloze
JPS1917|Numbers 33:54|c2,Numbers 33:54,Masei,"And ye shall inherit the land by lot {{c1::according}} to your families—to the more ye shall give the more inheritance, and to the fewer thou shalt give the less inheritance; wheresoever the lot falleth to any man, that shall be his; according to the tribes of your fathers shall ye inherit.",Torah::Numbers::Masei Type::AutoCloze
JPS1917|Numbers 33:55|c1,Numbers 33:55,Masei,"But if ye will not drive out the {{c1::inhabitants}} of the land from before you, then shall those that ye let remain of them be as thorns in your eyes, and as pricks in your sides, and they shall harass you in the land wherein ye dwell.",Torah::Numbers::Masei Type::AutoCloze
JPS1917|Numbers 33:55|c2,Numbers 33:55,Masei,"But if ye will not drive out the inhabitants of the land from {{c1::before}} you, then shall those that ye let remain of them be as thorns in your eyes, and as pricks in your sides, and they shall harass you in the land wherein ye dwell.",Torah::Numbers::Masei Type::AutoCloze
JPS1917|Numbers 33:56|c1,Numbers 33:56,Masei,"And it shall come to pass, that as {{c1::I}} thought to do unto them, so will I do unto you.",Torah::Numbers::Masei Type::AutoCloze
JPS1917|Numbers 33:56|c2,Numbers 33:56,Masei,"And it shall come to pass, that as I {{c1::thought}} to do unto them, so will I do unto you.",Torah::Numbers::Masei Type::AutoCloze
JPS1917|Numbers 34:1|c1,Numbers 34:1,Masei,"And the LORD spoke unto {{c1::Moses}}, saying:",Torah::Numbers::Masei Type::AutoCloze
JPS1917|Numbers 34:1|c2,Numbers 34:1,Masei,"And the LORD spoke unto Moses, {{c1::saying}}:",Torah::Numbers::Masei Type::AutoCloze
JPS1917|Numbers 34:2|c1,Numbers 34:2,Masei,"’Command the children of {{c1::Israel}}, and say unto them: When ye come into the land of Canaan, this shall be the land that shall fall unto you for an inheritance, even the land of Canaan according to the borders thereof.",Torah::Numbers::Masei Type::AutoCloze
JPS1917|Numbers 34:2|c2,Numbers 34:2,Masei,"’Command the children of Israel, and say unto them: When ye come into the land of {{c1::Canaan}}, this shall be the land that shall fall unto you for an inheritance, even the land of Canaan according to the borders thereof.",Torah::Numbers::Masei Type::AutoCloze
JPS1917|Numbers 34:3|c1,Numbers 34:3,Masei,"Thus your south side shall be from the wilderness of {{c1::Zin}} close by the side of Edom, and your south border shall begin at the end of the Salt Sea eastward;",Torah::Numbers::Masei Type::AutoCloze
JPS1917|Numbers 34:3|c2,Numbers 34:3,Masei,"Thus your south side shall be from the wilderness of Zin close by the side of {{c1::Edom}}, and your south border shall begin at the end of the Salt Sea eastward;",Torah::Numbers::Masei Type::AutoCloze
JPS1917|Numbers 34:4|c1,Numbers 34:4,Masei,"and your border shall turn about southward of the ascent of {{c1::Akrabbim}}, and pass along to Zin; and the goings out thereof shall be southward of Kadesh-barnea; and it shall go forth to Hazar-addar, and pass along to Azmon;",Torah::Numbers::Masei Type::AutoCloze
JPS1917|Numbers 34:4|c2,Numbers 34:4,Masei,"and your border shall turn about southward of the ascent of Akrabbim, and pass along to {{c1::Zin}}; and the goings out thereof shall be southward of Kadesh-barnea; and it shall go forth to Hazar-addar, and pass along to Azmon;",Torah::Numbers::Masei Type::AutoCloze
JPS1917|Numbers 34:5|c1,Numbers 34:5,Masei,"and the border shall turn about from {{c1::Azmon}} unto the Brook of Egypt, and the goings out thereof shall be at the Sea.",Torah::Numbers::Masei Type::AutoCloze
JPS1917|Numbers 34:5|c2,Numbers 34:5,Masei,"and the border shall turn about from Azmon unto the {{c1::Brook}} of Egypt, and the goings out thereof shall be at the Sea.",Torah::Numbers::Masei Type::AutoCloze
JPS1917|Numbers 34:6|c1,Numbers 34:6,Masei,"And for the western border, ye shall have the {{c1::Great}} Sea for a border; this shall be your west border.",Torah::Numbers::Masei Type::AutoCloze
JPS1917|Numbers 34:6|c2,Numbers 34:6,Masei,"And for the western border, ye shall have the Great {{c1::Sea}} for a border; this shall be your west border.",Torah::Numbers::Masei Type::AutoCloze
JPS1917|Numbers 34:7|c1,Numbers 34:7,Masei,And this shall be your north border: from the {{c1::Great}} Sea ye shall mark out your line unto mount Hor;,Torah::Numbers::Masei Type::AutoCloze
JPS1917|Numbers 34:7|c2,Numbers 34:7,Masei,And this shall be your north border: from the Great {{c1::Sea}} ye shall mark out your line unto mount Hor;,Torah::Numbers::Masei Type::AutoCloze
JPS1917|Numbers 34:8|c1,Numbers 34:8,Masei,from mount {{c1::Hor}} ye shall mark out a line unto the entrance to Hamath; and the goings out of the border shall be at Zedad;,Torah::Numbers::Masei Type::AutoCloze
JPS1917|Numbers 34:8|c2,Numbers 34:8,Masei,from mount Hor ye shall mark out a line unto the entrance to {{c1::Hamath}}; and the goings out of the border shall be at Zedad;,Torah::Numbers::Masei Type::AutoCloze
JPS1917|Numbers 34:9|c1,Numbers 34:9,Masei,"and the border shall go forth to {{c1::Ziphron}}, and the goings out thereof shall be at Hazar-enan; this shall be your north border.",Torah::Numbers::Masei Type::AutoCloze
JPS1917|Numbers 34:9|c2,Numbers 34:9,Masei,"and the border shall go forth to Ziphron, and the goings out thereof shall be at {{c1::Hazar}}-enan; this shall be your north border.",Torah::Numbers::Masei Type::AutoCloze
JPS1917|Numbers 34:10|c1,Numbers 34:10,Masei,And ye shall mark out your line for the east border from {{c1::Hazar}}-enan to Shepham;,Torah::Numbers::Masei Type::AutoCloze
JPS1917|Numbers 34:10|c2,Numbers 34:10,Masei,And ye shall mark out your line for the east border from Hazar-enan to {{c1::Shepham}};,Torah::Numbers::Masei Type::AutoCloze
JPS1917|Numbers 34:11|c1,Numbers 34:11,Masei,"and the border shall go down from {{c1::Shepham}} to Riblah, on the east side of Ain; and the border shall go down, and shall strike upon the slope of the sea of Chinnereth eastward;",Torah::Numbers::Masei Type::AutoCloze
JPS1917|Numbers 34:11|c2,Numbers 34:11,Masei,"and the border shall go down from Shepham to {{c1::Riblah}}, on the east side of Ain; and the border shall go down, and shall strike upon the slope of the sea of Chinnereth eastward;",Torah::Numbers::Masei Type::AutoCloze
JPS1917|Numbers 34:12|c1,Numbers 34:12,Masei,"and the border shall go down to the {{c1::Jordan}}, and the goings out thereof shall be at the Salt Sea; this shall be your land according to the borders thereof round about.’",Torah::Numbers::Masei Type::AutoCloze
JPS1917|Numbers 34:12|c2,Numbers 34:12,Masei,"and the border shall go down to the Jordan, and the goings out thereof shall be at the {{c1::Salt}} Sea; this shall be your land according to the borders thereof round about.’",Torah::Numbers::Masei Type::AutoCloze
JPS1917|Numbers 34:13|c1,Numbers 34:13,Masei,"And {{c1::Moses}} commanded the children of Israel, saying: ‘This is the land wherein ye shall receive inheritance by lot, which the LORD hath commanded to give unto the nine tribes, and to the half-tribe;",Torah::Numbers::Masei Type::AutoCloze
JPS1917|Numbers 34:13|c2,Numbers 34:13,Masei,"And Moses commanded the children of {{c1::Israel}}, saying: ‘This is the land wherein ye shall receive inheritance by lot, which the LORD hath commanded to give unto the nine tribes, and to the half-tribe;",Torah::Numbers::Masei Type::AutoCloze
JPS1917|Numbers 34:14|c1,Numbers 34:14,Masei,"for the tribe of the children of {{c1::Reuben}} according to their fathers’houses, and the tribe of the children of Gad according to their fathers’houses, have received, and the half-tribe of Manasseh have received, their inheritance;",Torah::Numbers::Masei Type::AutoCloze
JPS1917|Numbers 34:14|c2,Numbers 34:14,Masei,"for the tribe of the children of Reuben according to their fathers’houses, and the tribe of the children of {{c1::Gad}} according to their fathers’houses, have received, and the half-tribe of Manasseh have received, their inheritance;",Torah::Numbers::Masei Type::AutoCloze
JPS1917|Numbers 34:15|c1,Numbers 34:15,Masei,"the two tribes and the half-tribe have received their inheritance beyond the {{c1::Jordan}} at Jericho eastward, toward the sun-rising.’",Torah::Numbers::Masei Type::AutoCloze
JPS1917|Numbers 34:15|c2,Numbers 34:15,Masei,"the two tribes and the half-tribe have received their inheritance beyond the Jordan at {{c1::Jericho}} eastward, toward the sun-rising.’",Torah::Numbers::Masei Type::AutoCloze
JPS1917|Numbers 34:16|c1,Numbers 34:16,Masei,"And the LORD spoke unto {{c1::Moses}}, saying:",Torah::Numbers::Masei Type::AutoCloze
JPS1917|Numbers 34:16|c2,Numbers 34:16,Masei,"And the LORD spoke unto Moses, {{c1::saying}}:",Torah::Numbers::Masei Type::AutoCloze
JPS1917|Numbers 34:17|c1,Numbers 34:17,Masei,"’These are the names of the men that shall take possession of the land for you: {{c1::Eleazar}} the priest, and Joshua the son of Nun.",Torah::Numbers::Masei Type::AutoCloze
JPS1917|Numbers 34:17|c2,Numbers 34:17,Masei,"’These are the names of the men that shall take possession of the land for you: Eleazar the priest, and {{c1::Joshua}} the son of Nun.",Torah::Numbers::Masei Type::AutoCloze
JPS1917|Numbers 34:18|c1,Numbers 34:18,Masei,"And ye shall take one {{c1::prince}} of every tribe, to take possession of the land.",Torah::Numbers::Masei Type::AutoCloze
JPS1917|Numbers 34:18|c2,Numbers 34:18,Masei,"And ye shall take one prince of every tribe, to take {{c1::possession}} of the land.",Torah::Numbers::Masei Type::AutoCloze
JPS1917|Numbers 34:19|c1,Numbers 34:19,Masei,"And these are the names of the men: of the tribe of {{c1::Judah}}, Caleb the son of Jephunneh.",Torah::Numbers::Masei Type::AutoCloze
JPS1917|Numbers 34:19|c2,Numbers 34:19,Masei,"And these are the names of the men: of the tribe of Judah, {{c1::Caleb}} the son of Jephunneh.",Torah::Numbers::Masei Type::AutoCloze
JPS1917|Numbers 34:20|c1,Numbers 34:20,Masei,"And of the tribe of the children of {{c1::Simeon}}, Shemuel the son of Ammihud.",Torah::Numbers::Masei Type::AutoCloze
JPS1917|Numbers 34:20|c2,Numbers 34:20,Masei,"And of the tribe of the children of Simeon, {{c1::Shemuel}} the son of Ammihud.",Torah::Numbers::Masei Type::AutoCloze
JPS1917|Numbers 34:21|c1,Numbers 34:21,Masei,"Of the tribe of {{c1::Benjamin}}, Elidad the son of Chislon.",Torah::Numbers::Masei Type::AutoCloze
JPS1917|Numbers 34:21|c2,Numbers 34:21,Masei,"Of the tribe of Benjamin, {{c1::Elidad}} the son of Chislon.",Torah::Numbers::Masei Type::AutoCloze
JPS1917|Numbers 34:22|c1,Numbers 34:22,Masei,"And of the tribe of the children of {{c1::Dan}} a prince, Bukki the son of Jogli.",Torah::Numbers::Masei Type::AutoCloze
JPS1917|Numbers 34:22|c2,Numbers 34:22,Masei,"And of the tribe of the children of Dan a prince, {{c1::Bukki}} the son of Jogli.",Torah::Numbers::Masei Type::AutoCloze
JPS1917|Numbers 34:23|c1,Numbers 34:23,Masei,"Of the children of {{c1::Joseph}}: of the tribe of the children of Manasseh a prince, Hanniel the son of Ephod;",Torah::Numbers::Masei Type::AutoCloze
JPS1917|Numbers 34:23|c2,Numbers 34:23,Masei,"Of the children of Joseph: of the tribe of the children of {{c1::Manasseh}} a prince, Hanniel the son of Ephod;",Torah::Numbers::Masei Type::AutoCloze
JPS1917|Numbers 34:24|c1,Numbers 34:24,Masei,"and of the tribe of the children of {{c1::Ephraim}} a prince, Kemuel the son of Shiphtan.",Torah::Numbers::Masei Type::AutoCloze
JPS1917|Numbers 34:24|c2,Numbers 34:24,Masei,"and of the tribe of the children of Ephraim a prince, {{c1::Kemuel}} the son of Shiphtan.",Torah::Numbers::Masei Type::AutoCloze
JPS1917|Numbers 34:25|c1,Numbers 34:25,Masei,"And of the tribe of the children of {{c1::Zebulun}} a prince, Eli-zaphan the son of Parnach.",Torah::Numbers::Masei Type::AutoCloze
JPS1917|Numbers 34:25|c2,Numbers 34:25,Masei,"And of the tribe of the children of Zebulun a prince, {{c1::Eli}}-zaphan the son of Parnach.",Torah::Numbers::Masei Type::AutoCloze
JPS1917|Numbers 34:26|c1,Numbers 34:26,Masei,"And of the tribe of the children of {{c1::Issachar}} a prince, Paltiel the son of Azzan.",Torah::Numbers::Masei Type::AutoCloze
JPS1917|Numbers 34:26|c2,Numbers 34:26,Masei,"And of the tribe of the children of Issachar a prince, {{c1::Paltiel}} the son of Azzan.",Torah::Numbers::Masei Type::AutoCloze
JPS1917|Numbers 34:27|c1,Numbers 34:27,Masei,"And of the tribe of the children of {{c1::Asher}} a prince, Ahihud the son of Shelomi.",Torah::Numbers::Masei Type::AutoCloze
JPS1917|Numbers 34:27|c2,Numbers 34:27,Masei,"And of the tribe of the children of Asher a prince, {{c1::Ahihud}} the son of Shelomi.",Torah::Numbers::Masei Type::AutoCloze
JPS1917|Numbers 34:28|c1,Numbers 34:28,Masei,"And of the tribe of the children of {{c1::Naphtali}} a prince, Pedahel the son of Ammihud.",Torah::Numbers::Masei Type::AutoCloze
JPS1917|Numbers 34:28|c2,Numbers 34:28,Masei,"And of the tribe of the children of Naphtali a prince, {{c1::Pedahel}} the son of Ammihud.",Torah::Numbers::Masei Type::AutoCloze
JPS1917|Numbers 34:29|c1,Numbers 34:29,Masei,These are they whom the LORD commanded to divide the inheritance unto the children of {{c1::Israel}} in the land of Canaan.’,Torah::Numbers::Masei Type::AutoCloze
JPS1917|Numbers 34:29|c2,Numbers 34:29,Masei,These are they whom the LORD commanded to divide the inheritance unto the children of Israel in the land of {{c1::Canaan}}.’,Torah::Numbers::Masei Type::AutoCloze
JPS1917|Numbers 35:1|c1,Numbers 35:1,Masei,"And the LORD spoke unto {{c1::Moses}} in the plains of Moab by the Jordan at Jericho, saying:",Torah::Numbers::Masei Type::AutoCloze
JPS1917|Numbers 35:1|c2,Numbers 35:1,Masei,"And the LORD spoke unto Moses in the plains of {{c1::Moab}} by the Jordan at Jericho, saying:",Torah::Numbers::Masei Type::AutoCloze
JPS1917|Numbers 35:2|c1,Numbers 35:2,Masei,"’Command the children of {{c1::Israel}}, that they give unto the Levites of the inheritance of their possession cities to dwell in; and open land round about the cities shall ye give unto the Levites.",Torah::Numbers::Masei Type::AutoCloze
JPS1917|Numbers 35:2|c2,Numbers 35:2,Masei,"’Command the children of Israel, that they give unto the {{c1::Levites}} of the inheritance of their possession cities to dwell in; and open land round about the cities shall ye give unto the Levites.",Torah::Numbers::Masei Type::AutoCloze
JPS1917|Numbers 35:3|c1,Numbers 35:3,Masei,"And the {{c1::cities}} shall they have to dwell in; and their open land shall be for their cattle, and for their substance, and for all their beasts.",Torah::Numbers::Masei Type::AutoCloze
JPS1917|Numbers 35:3|c2,Numbers 35:3,Masei,"And the cities shall they have to dwell in; and their open land shall be for their {{c1::cattle}}, and for their substance, and for all their beasts.",Torah::Numbers::Masei Type::AutoCloze
JPS1917|Numbers 35:4|c1,Numbers 35:4,Masei,"And the open land about the cities, which ye shall give unto the {{c1::Levites}}, shall be from the wall of the city and outward a thousand cubits round about.",Torah::Numbers::Masei Type::AutoCloze
JPS1917|Numbers 35:4|c2,Numbers 35:4,Masei,"And the open land about the {{c1::cities}}, which ye shall give unto the Levites, shall be from the wall of the city and outward a thousand cubits round about.",Torah::Numbers::Masei Type::AutoCloze
JPS1917|Numbers 35:5|c1,Numbers 35:5,Masei,"And ye shall measure without the city for the east side two thousand cubits, and for the south side two thousand cubits, and for the west side two thousand cubits, and for the north side two thousand cubits, the city being in the midst. {{c1::This}} shall be to them the open land about the cities.",Torah::Numbers::Masei Type::AutoCloze
JPS1917|Numbers 35:5|c2,Numbers 35:5,Masei,"And ye shall {{c1::measure}} without the city for the east side two thousand cubits, and for the south side two thousand cubits, and for the west side two thousand cubits, and for the north side two thousand cubits, the city being in the midst. This shall be to them the open land about the cities.",Torah::Numbers::Masei Type::AutoCloze
JPS1917|Numbers 35:6|c1,Numbers 35:6,Masei,"And the cities which ye shall give unto the {{c1::Levites}}, they shall be the six cities of refuge, which ye shall give for the manslayer to flee thither; and beside them ye shall give forty and two cities.",Torah::Numbers::Masei Type::AutoCloze
JPS1917|Numbers 35:6|c2,Numbers 35:6,Masei,"And the {{c1::cities}} which ye shall give unto the Levites, they shall be the six cities of refuge, which ye shall give for the manslayer to flee thither; and beside them ye shall give forty and two cities.",Torah::Numbers::Masei Type::AutoCloze
JPS1917|Numbers 35:7|c1,Numbers 35:7,Masei,All the cities which ye shall give to the {{c1::Levites}} shall be forty and eight cities: them shall ye give with the open land about them.,Torah::Numbers::Masei Type::AutoCloze
JPS1917|Numbers 35:7|c2,Numbers 35:7,Masei,All the {{c1::cities}} which ye shall give to the Levites shall be forty and eight cities: them shall ye give with the open land about them.,Torah::Numbers::Masei Type::AutoCloze
JPS1917|Numbers 35:8|c1,Numbers 35:8,Masei,"And concerning the cities which ye shall give of the possession of the children of {{c1::Israel}}, from the many ye shall take many, and from the few ye shall take few; each tribe according to its inheritance which it inheriteth shall give of its cities unto the Levites.’",Torah::Numbers::Masei Type::AutoCloze
JPS1917|Numbers 35:8|c2,Numbers 35:8,Masei,"And concerning the cities which ye shall give of the possession of the children of Israel, from the many ye shall take many, and from the few ye shall take few; each tribe according to its inheritance which it inheriteth shall give of its cities unto the {{c1::Levites}}.’",Torah::Numbers::Masei Type::AutoCloze
JPS1917|Numbers 35:9|c1,Numbers 35:9,Masei,"And the LORD spoke unto {{c1::Moses}}, saying:",Torah::Numbers::Masei Type::AutoCloze
JPS1917|Numbers 35:9|c2,Numbers 35:9,Masei,"And the LORD spoke unto Moses, {{c1::saying}}:",Torah::Numbers::Masei Type::AutoCloze
JPS1917|Numbers 35:10|c1,Numbers 35:10,Masei,"’Speak unto the children of {{c1::Israel}}, and say unto them: When ye pass over the Jordan into the land of Canaan,",Torah::Numbers::Masei Type::AutoCloze
JPS1917|Numbers 35:10|c2,Numbers 35:10,Masei,"’Speak unto the children of Israel, and say unto them: When ye pass over the {{c1::Jordan}} into the land of Canaan,",Torah::Numbers::Masei Type::AutoCloze
JPS1917|Numbers 35:11|c1,Numbers 35:11,Masei,"then ye shall {{c1::appoint}} you cities to be cities of refuge for you, that the manslayer that killeth any person through error may flee thither.",Torah::Numbers::Masei Type::AutoCloze
JPS1917|Numbers 35:11|c2,Numbers 35:11,Masei,"then ye shall appoint you {{c1::cities}} to be cities of refuge for you, that the manslayer that killeth any person through error may flee thither.",Torah::Numbers::Masei Type::AutoCloze
JPS1917|Numbers 35:12|c1,Numbers 35:12,Masei,"And the {{c1::cities}} shall be unto you for refuge from the avenger, that the manslayer die not, until he stand before the congregation for judgment.",Torah::Numbers::Masei Type::AutoCloze
JPS1917|Numbers 35:12|c2,Numbers 35:12,Masei,"And the cities shall be unto you for {{c1::refuge}} from the avenger, that the manslayer die not, until he stand before the congregation for judgment.",Torah::Numbers::Masei Type::AutoCloze
JPS1917|Numbers 35:13|c1,Numbers 35:13,Masei,"And as to the {{c1::cities}} which ye shall give, there shall be for you six cities of refuge.",Torah::Numbers::Masei Type::AutoCloze
JPS1917|Numbers 35:13|c2,Numbers 35:13,Masei,"And as to the cities which ye shall give, there shall be for you six cities of {{c1::refuge}}.",Torah::Numbers::Masei Type::AutoCloze
JPS1917|Numbers 35:14|c1,Numbers 35:14,Masei,"Ye shall give three cities beyond the {{c1::Jordan}}, and three cities shall ye give in the land of Canaan; they shall be cities of refuge.",Torah::Numbers::Masei Type::AutoCloze
JPS1917|Numbers 35:14|c2,Numbers 35:14,Masei,"Ye shall give three cities beyond the Jordan, and three cities shall ye give in the land of {{c1::Canaan}}; they shall be cities of refuge.",Torah::Numbers::Masei Type::AutoCloze
JPS1917|Numbers 35:15|c1,Numbers 35:15,Masei,"For the children of {{c1::Israel}}, and for the stranger and for the settler among them, shall these six cities be for refuge, that every one that killeth any person through error may flee thither.",Torah::Numbers::Masei Type::AutoCloze
JPS1917|Numbers 35:15|c2,Numbers 35:15,Masei,"For the {{c1::children}} of Israel, and for the stranger and for the settler among them, shall these six cities be for refuge, that every one that killeth any person through error may flee thither.",Torah::Numbers::Masei Type::AutoCloze
JPS1917|Numbers 35:16|c1,Numbers 35:16,Masei,"But if he smote him with an {{c1::instrument}} of iron, so that he died, he is a murderer; the murderer shall surely be put to death.",Torah::Numbers::Masei Type::AutoCloze
JPS1917|Numbers 35:16|c2,Numbers 35:16,Masei,"But if he smote him with an instrument of iron, so that he died, he is a {{c1::murderer}}; the murderer shall surely be put to death.",Torah::Numbers::Masei Type::AutoCloze
JPS1917|Numbers 35:17|c1,Numbers 35:17,Masei,"And if he smote him with a stone in the hand, {{c1::whereby}} a man may die, and he died, he is a murderer; the murderer shall surely be put to death.",Torah::Numbers::Masei Type::AutoCloze
JPS1917|Numbers 35:17|c2,Numbers 35:17,Masei,"And if he smote him with a stone in the hand, whereby a man may die, and he died, he is a {{c1::murderer}}; the murderer shall surely be put to death.",Torah::Numbers::Masei Type::AutoCloze
JPS1917|Numbers 35:18|c1,Numbers 35:18,Masei,"Or if he smote him with a {{c1::weapon}} of wood in the hand, whereby a man may die, and he died, he is a murderer; the murderer shall surely be put to death.",Torah::Numbers::Masei Type::AutoCloze
JPS1917|Numbers 35:18|c2,Numbers 35:18,Masei,"Or if he smote him with a weapon of wood in the hand, {{c1::whereby}} a man may die, and he died, he is a murderer; the murderer shall surely be put to death.",Torah::Numbers::Masei Type::AutoCloze
JPS1917|Numbers 35:19|c1,Numbers 35:19,Masei,"The {{c1::avenger}} of blood shall himself put the murderer to death; when he meeteth him, he shall put him to death.",Torah::Numbers::Masei Type::AutoCloze
JPS1917|Numbers 35:19|c2,Numbers 35:19,Masei,"The avenger of blood shall {{c1::himself}} put the murderer to death; when he meeteth him, he shall put him to death.",Torah::Numbers::Masei Type::AutoCloze
JPS1917|Numbers 35:20|c1,Numbers 35:20,Masei,"And if he {{c1::thrust}} him of hatred, or hurled at him any thing, lying in wait, so that he died;",Torah::Numbers::Masei Type::AutoCloze
JPS1917|Numbers 35:20|c2,Numbers 35:20,Masei,"And if he thrust him of {{c1::hatred}}, or hurled at him any thing, lying in wait, so that he died;",Torah::Numbers::Masei Type::AutoCloze
JPS1917|Numbers 35:21|c1,Numbers 35:21,Masei,"or in {{c1::enmity}} smote him with his hand, that he died; he that smote him shall surely be put to death: he is a murderer; the avenger of blood shall put the murderer to death when he meeteth him.",Torah::Numbers::Masei Type::AutoCloze
JPS1917|Numbers 35:21|c2,Numbers 35:21,Masei,"or in enmity smote him with his hand, that he died; he that smote him shall {{c1::surely}} be put to death: he is a murderer; the avenger of blood shall put the murderer to death when he meeteth him.",Torah::Numbers::Masei Type::AutoCloze
JPS1917|Numbers 35:22|c1,Numbers 35:22,Masei,"But if he {{c1::thrust}} him suddenly without enmity, or hurled upon him any thing without lying in wait,",Torah::Numbers::Masei Type::AutoCloze
JPS1917|Numbers 35:22|c2,Numbers 35:22,Masei,"But if he thrust him {{c1::suddenly}} without enmity, or hurled upon him any thing without lying in wait,",Torah::Numbers::Masei Type::AutoCloze
JPS1917|Numbers 35:23|c1,Numbers 35:23,Masei,"or with any stone, {{c1::whereby}} a man may die, seeing him not, and cast it upon him, so that he died, and he was not his enemy, neither sought his harm;",Torah::Numbers::Masei Type::AutoCloze
JPS1917|Numbers 35:23|c2,Numbers 35:23,Masei,"or with any stone, whereby a man may die, {{c1::seeing}} him not, and cast it upon him, so that he died, and he was not his enemy, neither sought his harm;",Torah::Numbers::Masei Type::AutoCloze
JPS1917|Numbers 35:24|c1,Numbers 35:24,Masei,then the {{c1::congregation}} shall judge between the smiter and the avenger of blood according to these ordinances;,Torah::Numbers::Masei Type::AutoCloze
JPS1917|Numbers 35:24|c2,Numbers 35:24,Masei,then the congregation shall judge {{c1::between}} the smiter and the avenger of blood according to these ordinances;,Torah::Numbers::Masei Type::AutoCloze
JPS1917|Numbers 35:25|c1,Numbers 35:25,Masei,"and the {{c1::congregation}} shall deliver the manslayer out of the hand of the avenger of blood, and the congregation shall restore him to his city of refuge, whither he was fled; and he shall dwell therein until the death of the high priest, who was anointed with the holy oil.",Torah::Numbers::Masei Type::AutoCloze
JPS1917|Numbers 35:25|c2,Numbers 35:25,Masei,"and the congregation shall {{c1::deliver}} the manslayer out of the hand of the avenger of blood, and the congregation shall restore him to his city of refuge, whither he was fled; and he shall dwell therein until the death of the high priest, who was anointed with the holy oil.",Torah::Numbers::Masei Type::AutoCloze
JPS1917|Numbers 35:26|c1,Numbers 35:26,Masei,"But if the {{c1::manslayer}} shall at any time go beyond the border of his city of refuge, whither he fleeth;",Torah::Numbers::Masei Type::AutoCloze
JPS1917|Numbers 35:26|c2,Numbers 35:26,Masei,"But if the manslayer shall at any time go {{c1::beyond}} the border of his city of refuge, whither he fleeth;",Torah::Numbers::Masei Type::AutoCloze
JPS1917|Numbers 35:27|c1,Numbers 35:27,Masei,"and the {{c1::avenger}} of blood find him without the border of his city of refuge, and the avenger of blood slay the manslayer; there shall be no bloodguiltiness for him;",Torah::Numbers::Masei Type::AutoCloze
JPS1917|Numbers 35:27|c2,Numbers 35:27,Masei,"and the avenger of blood find him {{c1::without}} the border of his city of refuge, and the avenger of blood slay the manslayer; there shall be no bloodguiltiness for him;",Torah::Numbers::Masei Type::AutoCloze
JPS1917|Numbers 35:28|c1,Numbers 35:28,Masei,{{c1::because}} he must remain in his city of refuge until the death of the high priest; but after the death of the high priest the manslayer may return into the land of his possession.,Torah::Numbers::Masei Type::AutoCloze
JPS1917|Numbers 35:28|c2,Numbers 35:28,Masei,because he must {{c1::remain}} in his city of refuge until the death of the high priest; but after the death of the high priest the manslayer may return into the land of his possession.,Torah::Numbers::Masei Type::AutoCloze
JPS1917|Numbers 35:29|c1,Numbers 35:29,Masei,And these {{c1::things}} shall be for a statute of judgment unto you throughout your generations in all your dwellings.,Torah::Numbers::Masei Type::AutoCloze
JPS1917|Numbers 35:29|c2,Numbers 35:29,Masei,And these things shall be for a {{c1::statute}} of judgment unto you throughout your generations in all your dwellings.,Torah::Numbers::Masei Type::AutoCloze
JPS1917|Numbers 35:30|c1,Numbers 35:30,Masei,"Whoso {{c1::killeth}} any person, the murderer shall be slain at the mouth of witnesses; but one witness shall not testify against any person that he die.",Torah::Numbers::Masei Type::AutoCloze
JPS1917|Numbers 35:30|c2,Numbers 35:30,Masei,"Whoso killeth any {{c1::person}}, the murderer shall be slain at the mouth of witnesses; but one witness shall not testify against any person that he die.",Torah::Numbers::Masei Type::AutoCloze
JPS1917|Numbers 35:31|c1,Numbers 35:31,Masei,"{{c1::Moreover}} ye shall take no ransom for the life of a murderer, that is guilty of death; but he shall surely be put to death.",Torah::Numbers::Masei Type::AutoCloze
JPS1917|Numbers 35:31|c2,Numbers 35:31,Masei,"Moreover ye shall take no {{c1::ransom}} for the life of a murderer, that is guilty of death; but he shall surely be put to death.",Torah::Numbers::Masei Type::AutoCloze
JPS1917|Numbers 35:32|c1,Numbers 35:32,Masei,"And ye shall take no {{c1::ransom}} for him that is fled to his city of refuge, that he should come again to dwell in the land, until the death of the priest.",Torah::Numbers::Masei Type::AutoCloze
JPS1917|Numbers 35:32|c2,Numbers 35:32,Masei,"And ye shall take no ransom for him that is fled to his city of {{c1::refuge}}, that he should come again to dwell in the land, until the death of the priest.",Torah::Numbers::Masei Type::AutoCloze
JPS1917|Numbers 35:33|c1,Numbers 35:33,Masei,"So ye shall not {{c1::pollute}} the land wherein ye are; for blood, it polluteth the land; and no expiation can be made for the land for the blood that is shed therein, but by the blood of him that shed it.",Torah::Numbers::Masei Type::AutoCloze
JPS1917|Numbers 35:33|c2,Numbers 35:33,Masei,"So ye shall not pollute the land {{c1::wherein}} ye are; for blood, it polluteth the land; and no expiation can be made for the land for the blood that is shed therein, but by the blood of him that shed it.",Torah::Numbers::Masei Type::AutoCloze
JPS1917|Numbers 35:34|c1,Numbers 35:34,Masei,"And thou shalt not defile the land which ye inhabit, in the midst of which {{c1::I}} dwell; for I the LORD dwell in the midst of the children of Israel.’",Torah::Numbers::Masei Type::AutoCloze
JPS1917|Numbers 35:34|c2,Numbers 35:34,Masei,"And thou shalt not defile the land which ye inhabit, in the midst of which I dwell; for I the LORD dwell in the midst of the children of {{c1::Israel}}.’",Torah::Numbers::Masei Type::AutoCloze
JPS1917|Numbers 36:1|c1,Numbers 36:1,Masei,"And the heads of the fathers’houses of the family of the children of {{c1::Gilead}}, the son of Machir, the son of Manasseh, of the families of the sons of Joseph, came near, and spoke before Moses, and before the princes, the heads of the fathers’houses of the children of Israel;",Torah::Numbers::Masei Type::AutoCloze
JPS1917|Numbers 36:1|c2,Numbers 36:1,Masei,"And the heads of the fathers’houses of the family of the children of Gilead, the son of {{c1::Machir}}, the son of Manasseh, of the families of the sons of Joseph, came near, and spoke before Moses, and before the princes, the heads of the fathers’houses of the children of Israel;",Torah::Numbers::Masei Type::AutoCloze
JPS1917|Numbers 36:2|c1,Numbers 36:2,Masei,and they said: ‘The LORD commanded my lord to give the land for inheritance by lot to the children of {{c1::Israel}}; and my lord was commanded by the LORD to give the inheritance of Zelophehad our brother unto his daughters.,Torah::Numbers::Masei Type::AutoCloze
JPS1917|Numbers 36:2|c2,Numbers 36:2,Masei,and they said: ‘The LORD commanded my lord to give the land for inheritance by lot to the children of Israel; and my lord was commanded by the LORD to give the inheritance of {{c1::Zelophehad}} our brother unto his daughters.,Torah::Numbers::Masei Type::AutoCloze
JPS1917|Numbers 36:3|c1,Numbers 36:3,Masei,"And if they be married to any of the sons of the other tribes of the children of {{c1::Israel}}, then will their inheritance be taken away from the inheritance of our fathers, and will be added to the inheritance of the tribe whereunto they shall belong; so will it be taken away from the lot of our inheritance.",Torah::Numbers::Masei Type::AutoCloze
JPS1917|Numbers 36:3|c2,Numbers 36:3,Masei,"And if they be {{c1::married}} to any of the sons of the other tribes of the children of Israel, then will their inheritance be taken away from the inheritance of our fathers, and will be added to the inheritance of the tribe whereunto they shall belong; so will it be taken away from the lot of our inheritance.",Torah::Numbers::Masei Type::AutoCloze
JPS1917|Numbers 36:4|c1,Numbers 36:4,Masei,"And when the jubilee of the children of {{c1::Israel}} shall be, then will their inheritance be added unto the inheritance of the tribe whereunto they shall belong; so will their inheritance be taken away from the inheritance of the tribe of our fathers.’",Torah::Numbers::Masei Type::AutoCloze
JPS1917|Numbers 36:4|c2,Numbers 36:4,Masei,"And when the {{c1::jubilee}} of the children of Israel shall be, then will their inheritance be added unto the inheritance of the tribe whereunto they shall belong; so will their inheritance be taken away from the inheritance of the tribe of our fathers.’",Torah::Numbers::Masei Type::AutoCloze
JPS1917|Numbers 36:5|c1,Numbers 36:5,Masei,"And {{c1::Moses}} commanded the children of Israel according to the word of the LORD, saying: ‘The tribe of the sons of Joseph speaketh right.",Torah::Numbers::Masei Type::AutoCloze
JPS1917|Numbers 36:5|c2,Numbers 36:5,Masei,"And Moses commanded the children of {{c1::Israel}} according to the word of the LORD, saying: ‘The tribe of the sons of Joseph speaketh right.",Torah::Numbers::Masei Type::AutoCloze
JPS1917|Numbers 36:6|c1,Numbers 36:6,Masei,"This is the thing which the LORD hath commanded concerning the daughters of {{c1::Zelophehad}}, saying: Let them be married to whom they think best; only into the family of the tribe of their father shall they be married.",Torah::Numbers::Masei Type::AutoCloze
JPS1917|Numbers 36:6|c2,Numbers 36:6,Masei,"This is the thing which the LORD hath commanded concerning the daughters of Zelophehad, saying: {{c1::Let}} them be married to whom they think best; only into the family of the tribe of their father shall they be married.",Torah::Numbers::Masei Type::AutoCloze
JPS1917|Numbers 36:7|c1,Numbers 36:7,Masei,So shall no inheritance of the children of {{c1::Israel}} remove from tribe to tribe; for the children of Israel shall cleave every one to the inheritance of the tribe of his fathers.,Torah::Numbers::Masei Type::AutoCloze
JPS1917|Numbers 36:7|c2,Numbers 36:7,Masei,So shall no {{c1::inheritance}} of the children of Israel remove from tribe to tribe; for the children of Israel shall cleave every one to the inheritance of the tribe of his fathers.,Torah::Numbers::Masei Type::AutoCloze
JPS1917|Numbers 36:8|c1,Numbers 36:8,Masei,"And every daughter, that possesseth an inheritance in any tribe of the children of {{c1::Israel}}, shall be wife unto one of the family of the tribe of her father, that the children of Israel may possess every man the inheritance of his fathers.",Torah::Numbers::Masei Type::AutoCloze
JPS1917|Numbers 36:8|c2,Numbers 36:8,Masei,"And every {{c1::daughter}}, that possesseth an inheritance in any tribe of the children of Israel, shall be wife unto one of the family of the tribe of her father, that the children of Israel may possess every man the inheritance of his fathers.",Torah::Numbers::Masei Type::AutoCloze
JPS1917|Numbers 36:9|c1,Numbers 36:9,Masei,So shall no inheritance remove from one tribe to another tribe; for the tribes of the children of {{c1::Israel}} shall cleave each one to its own inheritance.’,Torah::Numbers::Masei Type::AutoCloze
JPS1917|Numbers 36:9|c2,Numbers 36:9,Masei,So shall no {{c1::inheritance}} remove from one tribe to another tribe; for the tribes of the children of Israel shall cleave each one to its own inheritance.’,Torah::Numbers::Masei Type::AutoCloze
JPS1917|Numbers 36:10|c1,Numbers 36:10,Masei,"Even as the LORD commanded {{c1::Moses}}, so did the daughters of Zelophehad.",Torah::Numbers::Masei Type::AutoCloze
JPS1917|Numbers 36:10|c2,Numbers 36:10,Masei,"Even as the LORD commanded Moses, so did the daughters of {{c1::Zelophehad}}.",Torah::Numbers::Masei Type::AutoCloze
JPS1917|Numbers 36:11|c1,Numbers 36:11,Masei,"For {{c1::Mahlah}}, Tirzah, and Hoglah, and Milcah, and Noah, the daughters of Zelophehad, were married unto their father’s brothers’sons.",Torah::Numbers::Masei Type::AutoCloze
JPS1917|Numbers 36:11|c2,Numbers 36:11,Masei,"For Mahlah, {{c1::Tirzah}}, and Hoglah, and Milcah, and Noah, the daughters of Zelophehad, were married unto their father’s brothers’sons.",Torah::Numbers::Masei Type::AutoCloze
JPS1917|Numbers 36:12|c1,Numbers 36:12,Masei,"They were married into the families of the sons of {{c1::Manasseh}} the son of Joseph, and their inheritance remained in the tribe of the family of their father.",Torah::Numbers::Masei Type::AutoCloze
JPS1917|Numbers 36:12|c2,Numbers 36:12,Masei,"They were married into the families of the sons of Manasseh the son of {{c1::Joseph}}, and their inheritance remained in the tribe of the family of their father.",Torah::Numbers::Masei Type::AutoCloze
JPS1917|Numbers 36:13|c1,Numbers 36:13,Masei,"These are the commandments and the ordinances, which the LORD commanded by the hand of {{c1::Moses}} unto the children of Israel in the plains of Moab by the Jordan at Jericho.",Torah::Numbers::Masei Type::AutoCloze
JPS1917|Numbers 36:13|c2,Numbers 36:13,Masei,"These are the commandments and the ordinances, which the LORD commanded by the hand of Moses unto the children of {{c1::Israel}} in the plains of Moab by the Jordan at Jericho.",Torah::Numbers::Masei Type::AutoCloze
