JPS1917|Leviticus 9:1|c1,Leviticus 9:1,Shmini,"And it came to pass on the eighth day, that {{c1::Moses}} called Aaron and his sons, and the elders of Israel;",Torah::Leviticus::Shmini Type::AutoCloze
JPS1917|Leviticus 9:1|c2,Leviticus 9:1,Shmini,"And it came to pass on the eighth day, that Moses called {{c1::Aaron}} and his sons, and the elders of Israel;",Torah::Leviticus::Shmini Type::AutoCloze
JPS1917|Leviticus 9:2|c1,Leviticus 9:2,Shmini,"and he said unto {{c1::Aaron}}: ‘Take thee a bull-calf for a sin-offering, and a ram for a burnt-offering, without blemish, and offer them before the LORD.",Torah::Leviticus::Shmini Type::AutoCloze
JPS1917|Leviticus 9:2|c2,Leviticus 9:2,Shmini,"and he said unto Aaron: ‘{{c1::Take}} thee a bull-calf for a sin-offering, and a ram for a burnt-offering, without blemish, and offer them before the LORD.",Torah::Leviticus::Shmini Type::AutoCloze
JPS1917|Leviticus 9:3|c1,Leviticus 9:3,Shmini,"And unto the children of {{c1::Israel}} thou shalt speak, saying: Take ye a he-goat for a sin-offering; and a calf and a lamb, both of the first year, without blemish, for a burnt-offering;",Torah::Leviticus::Shmini Type::AutoCloze
JPS1917|Leviticus 9:3|c2,Leviticus 9:3,Shmini,"And unto the children of Israel thou shalt speak, saying: {{c1::Take}} ye a he-goat for a sin-offering; and a calf and a lamb, both of the first year, without blemish, for a burnt-offering;",Torah::Leviticus::Shmini Type::AutoCloze
JPS1917|Leviticus 9:4|c1,Leviticus 9:4,Shmini,"and an ox and a ram for peace-{{c1::offerings}}, to sacrifice before the LORD; and a meal-offering mingled with oil; for to-day the LORD appeareth unto you.’",Torah::Leviticus::Shmini Type::AutoCloze
JPS1917|Leviticus 9:4|c2,Leviticus 9:4,Shmini,"and an ox and a ram for peace-offerings, to {{c1::sacrifice}} before the LORD; and a meal-offering mingled with oil; for to-day the LORD appeareth unto you.’",Torah::Leviticus::Shmini Type::AutoCloze
JPS1917|Leviticus 9:5|c1,Leviticus 9:5,Shmini,And they brought that which {{c1::Moses}} commanded before the tent of meeting; and all the congregation drew near and stood before the LORD.,Torah::Leviticus::Shmini Type::AutoCloze
JPS1917|Leviticus 9:5|c2,Leviticus 9:5,Shmini,And they {{c1::brought}} that which Moses commanded before the tent of meeting; and all the congregation drew near and stood before the LORD.,Torah::Leviticus::Shmini Type::AutoCloze
JPS1917|Leviticus 9:6|c1,Leviticus 9:6,Shmini,And {{c1::Moses}} said: ‘This is the thing which the LORD commanded that ye should do; that the glory of the LORD may appear unto you.’,Torah::Leviticus::Shmini Type::AutoCloze
JPS1917|Leviticus 9:6|c2,Leviticus 9:6,Shmini,And Moses said: ‘{{c1::This}} is the thing which the LORD commanded that ye should do; that the glory of the LORD may appear unto you.’,Torah::Leviticus::Shmini Type::AutoCloze
JPS1917|Leviticus 9:7|c1,Leviticus 9:7,Shmini,"And {{c1::Moses}} said unto Aaron: ‘Draw near unto the altar, and offer thy sin-offering, and thy burnt-offering, and make atonement for thyself, and for the people; and present the offering of the people, and make atonement for them; as the LORD commanded.’",Torah::Leviticus::Shmini Type::AutoCloze
JPS1917|Leviticus 9:7|c2,Leviticus 9:7,Shmini,"And Moses said unto {{c1::Aaron}}: ‘Draw near unto the altar, and offer thy sin-offering, and thy burnt-offering, and make atonement for thyself, and for the people; and present the offering of the people, and make atonement for them; as the LORD commanded.’",Torah::Leviticus::Shmini Type::AutoCloze
JPS1917|Leviticus 9:8|c1,Leviticus 9:8,Shmini,"So {{c1::Aaron}} drew near unto the altar, and slew the calf of the sin-offering, which was for himself.",Torah::Leviticus::Shmini Type::AutoCloze
JPS1917|Leviticus 9:8|c2,Leviticus 9:8,Shmini,"So Aaron drew near unto the altar, and slew the calf of the sin-{{c1::offering}}, which was for himself.",Torah::Leviticus::Shmini Type::AutoCloze
JPS1917|Leviticus 9:9|c1,Leviticus 9:9,Shmini,"And the sons of {{c1::Aaron}} presented the blood unto him; and he dipped his finger in the blood, and put it upon the horns of the altar, and poured out the blood at the base of the altar.",Torah::Leviticus::Shmini Type::AutoCloze
JPS1917|Leviticus 9:9|c2,Leviticus 9:9,Shmini,"And the sons of Aaron {{c1::presented}} the blood unto him; and he dipped his finger in the blood, and put it upon the horns of the altar, and poured out the blood at the base of the altar.",Torah::Leviticus::Shmini Type::AutoCloze
JPS1917|Leviticus 9:10|c1,Leviticus 9:10,Shmini,"But the fat, and the kidneys, and the lobe of the liver of the sin-offering, he made smoke upon the altar; as the LORD commanded {{c1::Moses}}.",Torah::Leviticus::Shmini Type::AutoCloze
JPS1917|Leviticus 9:10|c2,Leviticus 9:10,Shmini,"But the fat, and the {{c1::kidneys}}, and the lobe of the liver of the sin-offering, he made smoke upon the altar; as the LORD commanded Moses.",Torah::Leviticus::Shmini Type::AutoCloze
JPS1917|Leviticus 9:11|c1,Leviticus 9:11,Shmini,And the flesh and the skin were burnt with fire {{c1::without}} the camp.,Torah::Leviticus::Shmini Type::AutoCloze
JPS1917|Leviticus 9:12|c1,Leviticus 9:12,Shmini,"And he slew the burnt-offering; and {{c1::Aaron’s}} sons delivered unto him the blood, and he dashed it against the altar round about.",Torah::Leviticus::Shmini Type::AutoCloze
JPS1917|Leviticus 9:12|c2,Leviticus 9:12,Shmini,"And he slew the burnt-{{c1::offering}}; and Aaron’s sons delivered unto him the blood, and he dashed it against the altar round about.",Torah::Leviticus::Shmini Type::AutoCloze
JPS1917|Leviticus 9:13|c1,Leviticus 9:13,Shmini,"And they {{c1::delivered}} the burnt-offering unto him, piece by piece, and the head; and he made them smoke upon the altar.",Torah::Leviticus::Shmini Type::AutoCloze
JPS1917|Leviticus 9:13|c2,Leviticus 9:13,Shmini,"And they delivered the burnt-{{c1::offering}} unto him, piece by piece, and the head; and he made them smoke upon the altar.",Torah::Leviticus::Shmini Type::AutoCloze
JPS1917|Leviticus 9:14|c1,Leviticus 9:14,Shmini,"And he {{c1::washed}} the inwards and the legs, and made them smoke upon the burnt-offering on the altar.",Torah::Leviticus::Shmini Type::AutoCloze
JPS1917|Leviticus 9:14|c2,Leviticus 9:14,Shmini,"And he washed the {{c1::inwards}} and the legs, and made them smoke upon the burnt-offering on the altar.",Torah::Leviticus::Shmini Type::AutoCloze
JPS1917|Leviticus 9:15|c1,Leviticus 9:15,Shmini,"And the {{c1::people’s}} offering was presented; and he took the goat of the sin-offering which was for the people, and slew it, and offered it for sin, as the first.",Torah::Leviticus::Shmini Type::AutoCloze
JPS1917|Leviticus 9:15|c2,Leviticus 9:15,Shmini,"And the people’s {{c1::offering}} was presented; and he took the goat of the sin-offering which was for the people, and slew it, and offered it for sin, as the first.",Torah::Leviticus::Shmini Type::AutoCloze
JPS1917|Leviticus 9:16|c1,Leviticus 9:16,Shmini,And the burnt-{{c1::offering}} was presented; and he offered it according to the ordinance.,Torah::Leviticus::Shmini Type::AutoCloze
JPS1917|Leviticus 9:16|c2,Leviticus 9:16,Shmini,And the burnt-offering was {{c1::presented}}; and he offered it according to the ordinance.,Torah::Leviticus::Shmini Type::AutoCloze
JPS1917|Leviticus 9:17|c1,Leviticus 9:17,Shmini,"And the meal-{{c1::offering}} was presented; and he filled his hand therefrom, and made it smoke upon the altar, besides the burnt-offering of the morning.",Torah::Leviticus::Shmini Type::AutoCloze
JPS1917|Leviticus 9:17|c2,Leviticus 9:17,Shmini,"And the meal-offering was {{c1::presented}}; and he filled his hand therefrom, and made it smoke upon the altar, besides the burnt-offering of the morning.",Torah::Leviticus::Shmini Type::AutoCloze
JPS1917|Leviticus 9:18|c1,Leviticus 9:18,Shmini,"He slew also the ox and the ram, the sacrifice of peace-offerings, which was for the people; and {{c1::Aaron’s}} sons delivered unto him the blood, and he dashed it against the altar round about,",Torah::Leviticus::Shmini Type::AutoCloze
JPS1917|Leviticus 9:18|c2,Leviticus 9:18,Shmini,"He slew also the ox and the ram, the {{c1::sacrifice}} of peace-offerings, which was for the people; and Aaron’s sons delivered unto him the blood, and he dashed it against the altar round about,",Torah::Leviticus::Shmini Type::AutoCloze
JPS1917|Leviticus 9:19|c1,Leviticus 9:19,Shmini,"and the fat of the ox, and of the ram, the fat tail, and that which {{c1::covereth}} the inwards, and the kidneys, and the lobe of the liver.",Torah::Leviticus::Shmini Type::AutoCloze
JPS1917|Leviticus 9:19|c2,Leviticus 9:19,Shmini,"and the fat of the ox, and of the ram, the fat tail, and that which covereth the {{c1::inwards}}, and the kidneys, and the lobe of the liver.",Torah::Leviticus::Shmini Type::AutoCloze
JPS1917|Leviticus 9:20|c1,Leviticus 9:20,Shmini,"And they put the fat upon the {{c1::breasts}}, and he made the fat smoke upon the altar.",Torah::Leviticus::Shmini Type::AutoCloze
JPS1917|Leviticus 9:21|c1,Leviticus 9:21,Shmini,And the breasts and the right thigh {{c1::Aaron}} waved for a wave-offering before the LORD; as Moses commanded.,Torah::Leviticus::Shmini Type::AutoCloze
JPS1917|Leviticus 9:21|c2,Leviticus 9:21,Shmini,And the breasts and the right thigh Aaron waved for a wave-offering before the LORD; as {{c1::Moses}} commanded.,Torah::Leviticus::Shmini Type::AutoCloze
JPS1917|Leviticus 9:22|c1,Leviticus 9:22,Shmini,"And {{c1::Aaron}} lifted up his hands toward the people, and blessed them; and he came down from offering the sin-offering, and the burnt-offering, and the peace-offerings.",Torah::Leviticus::Shmini Type::AutoCloze
JPS1917|Leviticus 9:22|c2,Leviticus 9:22,Shmini,"And Aaron {{c1::lifted}} up his hands toward the people, and blessed them; and he came down from offering the sin-offering, and the burnt-offering, and the peace-offerings.",Torah::Leviticus::Shmini Type::AutoCloze
JPS1917|Leviticus 9:23|c1,Leviticus 9:23,Shmini,"And {{c1::Moses}} and Aaron went into the tent of meeting, and came out, and blessed the people; and the glory of the LORD appeared unto all the people.",Torah::Leviticus::Shmini Type::AutoCloze
JPS1917|Leviticus 9:23|c2,Leviticus 9:23,Shmini,"And Moses and {{c1::Aaron}} went into the tent of meeting, and came out, and blessed the people; and the glory of the LORD appeared unto all the people.",Torah::Leviticus::Shmini Type::AutoCloze
JPS1917|Leviticus 9:24|c1,Leviticus 9:24,Shmini,"And there came forth fire from {{c1::before}} the LORD, and consumed upon the altar the burnt-offering and the fat; and when all the people saw it, they shouted, and fell on their faces.",Torah::Leviticus::Shmini Type::AutoCloze
JPS1917|Leviticus 9:24|c2,Leviticus 9:24,Shmini,"And there came forth fire from before the LORD, and {{c1::consumed}} upon the altar the burnt-offering and the fat; and when all the people saw it, they shouted, and fell on their faces.",Torah::Leviticus::Shmini Type::AutoCloze
JPS1917|Leviticus 10:1|c1,Leviticus 10:1,Shmini,"And {{c1::Nadab}} and Abihu, the sons of Aaron, took each of them his censer, and put fire therein, and laid incense thereon, and offered strange fire before the LORD, which He had not commanded them.",Torah::Leviticus::Shmini Type::AutoCloze
JPS1917|Leviticus 10:1|c2,Leviticus 10:1,Shmini,"And Nadab and {{c1::Abihu}}, the sons of Aaron, took each of them his censer, and put fire therein, and laid incense thereon, and offered strange fire before the LORD, which He had not commanded them.",Torah::Leviticus::Shmini Type::AutoCloze
JPS1917|Leviticus 10:2|c1,Leviticus 10:2,Shmini,"And there came forth fire from {{c1::before}} the LORD, and devoured them, and they died before the LORD.",Torah::Leviticus::Shmini Type::AutoCloze
JPS1917|Leviticus 10:2|c2,Leviticus 10:2,Shmini,"And there came forth fire from before the LORD, and {{c1::devoured}} them, and they died before the LORD.",Torah::Leviticus::Shmini Type::AutoCloze
JPS1917|Leviticus 10:3|c1,Leviticus 10:3,Shmini,"Then {{c1::Moses}} said unto Aaron: ‘This is it that the LORD spoke, saying: Through them that are nigh unto Me I will be sanctified, and before all the people I will be glorified.’ And Aaron held his peace.",Torah::Leviticus::Shmini Type::AutoCloze
JPS1917|Leviticus 10:3|c2,Leviticus 10:3,Shmini,"Then Moses said unto {{c1::Aaron}}: ‘This is it that the LORD spoke, saying: Through them that are nigh unto Me I will be sanctified, and before all the people I will be glorified.’ And Aaron held his peace.",Torah::Leviticus::Shmini Type::AutoCloze
JPS1917|Leviticus 10:4|c1,Leviticus 10:4,Shmini,"And {{c1::Moses}} called Mishael and Elzaphan, the sons of Uzziel the uncle of Aaron, and said unto them: ‘Draw near, carry your brethren from before the sanctuary out of the camp.’",Torah::Leviticus::Shmini Type::AutoCloze
JPS1917|Leviticus 10:4|c2,Leviticus 10:4,Shmini,"And Moses called {{c1::Mishael}} and Elzaphan, the sons of Uzziel the uncle of Aaron, and said unto them: ‘Draw near, carry your brethren from before the sanctuary out of the camp.’",Torah::Leviticus::Shmini Type::AutoCloze
JPS1917|Leviticus 10:5|c1,Leviticus 10:5,Shmini,"So they drew near, and carried them in their tunics out of the camp, as {{c1::Moses}} had said.",Torah::Leviticus::Shmini Type::AutoCloze
JPS1917|Leviticus 10:5|c2,Leviticus 10:5,Shmini,"So they drew near, and {{c1::carried}} them in their tunics out of the camp, as Moses had said.",Torah::Leviticus::Shmini Type::AutoCloze
JPS1917|Leviticus 10:6|c1,Leviticus 10:6,Shmini,"And {{c1::Moses}} said unto Aaron, and unto Eleazar and unto Ithamar, his sons: ‘Let not the hair of your heads go loose, neither rend your clothes, that ye die not, and that He be not wroth with all the congregation; but let your brethren, the whole house of Israel, bewail the burning which the LORD hath kindled.",Torah::Leviticus::Shmini Type::AutoCloze
JPS1917|Leviticus 10:6|c2,Leviticus 10:6,Shmini,"And Moses said unto {{c1::Aaron}}, and unto Eleazar and unto Ithamar, his sons: ‘Let not the hair of your heads go loose, neither rend your clothes, that ye die not, and that He be not wroth with all the congregation; but let your brethren, the whole house of Israel, bewail the burning which the LORD hath kindled.",Torah::Leviticus::Shmini Type::AutoCloze
JPS1917|Leviticus 10:7|c1,Leviticus 10:7,Shmini,"And ye shall not go out from the door of the tent of meeting, lest ye die; for the anointing oil of the LORD is upon you.’ And they did according to the word of {{c1::Moses}}.",Torah::Leviticus::Shmini Type::AutoCloze
JPS1917|Leviticus 10:7|c2,Leviticus 10:7,Shmini,"And ye shall not go out from the door of the tent of {{c1::meeting}}, lest ye die; for the anointing oil of the LORD is upon you.’ And they did according to the word of Moses.",Torah::Leviticus::Shmini Type::AutoCloze
JPS1917|Leviticus 10:8|c1,Leviticus 10:8,Shmini,"And the LORD spoke unto {{c1::Aaron}}, saying:",Torah::Leviticus::Shmini Type::AutoCloze
JPS1917|Leviticus 10:8|c2,Leviticus 10:8,Shmini,"And the LORD spoke unto Aaron, {{c1::saying}}:",Torah::Leviticus::Shmini Type::AutoCloze
JPS1917|Leviticus 10:9|c1,Leviticus 10:9,Shmini,"’Drink no wine nor strong drink, thou, nor thy sons with thee, when ye go into the tent of meeting, that ye die not; it shall be a statute forever throughout your generations.",Torah::Leviticus::Shmini Type::AutoCloze
JPS1917|Leviticus 10:9|c2,Leviticus 10:9,Shmini,"’Drink no wine nor {{c1::strong}} drink, thou, nor thy sons with thee, when ye go into the tent of meeting, that ye die not; it shall be a statute forever throughout your generations.",Torah::Leviticus::Shmini Type::AutoCloze
JPS1917|Leviticus 10:10|c1,Leviticus 10:10,Shmini,"And that ye may put {{c1::difference}} between the holy and the common, and between the unclean and the clean;",Torah::Leviticus::Shmini Type::AutoCloze
JPS1917|Leviticus 10:10|c2,Leviticus 10:10,Shmini,"And that ye may put difference {{c1::between}} the holy and the common, and between the unclean and the clean;",Torah::Leviticus::Shmini Type::AutoCloze
JPS1917|Leviticus 10:11|c1,Leviticus 10:11,Shmini,and that ye may teach the children of {{c1::Israel}} all the statutes which the LORD hath spoken unto them by the hand of Moses.’,Torah::Leviticus::Shmini Type::AutoCloze
JPS1917|Leviticus 10:11|c2,Leviticus 10:11,Shmini,and that ye may teach the children of Israel all the statutes which the LORD hath spoken unto them by the hand of {{c1::Moses}}.’,Torah::Leviticus::Shmini Type::AutoCloze
JPS1917|Leviticus 10:12|c1,Leviticus 10:12,Shmini,"And {{c1::Moses}} spoke unto Aaron, and unto Eleazar and unto Ithamar, his sons that were left: ‘Take the meal-offering that remaineth of the offerings of the LORD made by fire, and eat it without leaven beside the altar; for it is most holy.",Torah::Leviticus::Shmini Type::AutoCloze
JPS1917|Leviticus 10:12|c2,Leviticus 10:12,Shmini,"And Moses spoke unto {{c1::Aaron}}, and unto Eleazar and unto Ithamar, his sons that were left: ‘Take the meal-offering that remaineth of the offerings of the LORD made by fire, and eat it without leaven beside the altar; for it is most holy.",Torah::Leviticus::Shmini Type::AutoCloze
JPS1917|Leviticus 10:13|c1,Leviticus 10:13,Shmini,"And ye shall eat it in a holy place, because it is thy due, and thy sons’due, of the offerings of the LORD made by fire; for so {{c1::I}} am commanded.",Torah::Leviticus::Shmini Type::AutoCloze
JPS1917|Leviticus 10:13|c2,Leviticus 10:13,Shmini,"And ye shall eat it in a holy place, {{c1::because}} it is thy due, and thy sons’due, of the offerings of the LORD made by fire; for so I am commanded.",Torah::Leviticus::Shmini Type::AutoCloze
JPS1917|Leviticus 10:14|c1,Leviticus 10:14,Shmini,"And the breast of waving and the thigh of heaving shall ye eat in a clean place; thou, and thy sons, and thy daughters with thee; for they are given as thy due, and thy sons’due, out of the sacrifices of the peace-offerings of the children of {{c1::Israel}}.",Torah::Leviticus::Shmini Type::AutoCloze
JPS1917|Leviticus 10:14|c2,Leviticus 10:14,Shmini,"And the {{c1::breast}} of waving and the thigh of heaving shall ye eat in a clean place; thou, and thy sons, and thy daughters with thee; for they are given as thy due, and thy sons’due, out of the sacrifices of the peace-offerings of the children of Israel.",Torah::Leviticus::Shmini Type::AutoCloze
JPS1917|Leviticus 10:15|c1,Leviticus 10:15,Shmini,"The thigh of {{c1::heaving}} and the breast of waving shall they bring with the offerings of the fat made by fire, to wave it for a wave-offering before the LORD; and it shall be thine, and thy sons’with thee, as a due for ever; as the LORD hath commanded.’",Torah::Leviticus::Shmini Type::AutoCloze
JPS1917|Leviticus 10:15|c2,Leviticus 10:15,Shmini,"The thigh of heaving and the {{c1::breast}} of waving shall they bring with the offerings of the fat made by fire, to wave it for a wave-offering before the LORD; and it shall be thine, and thy sons’with thee, as a due for ever; as the LORD hath commanded.’",Torah::Leviticus::Shmini Type::AutoCloze
JPS1917|Leviticus 10:16|c1,Leviticus 10:16,Shmini,"And {{c1::Moses}} diligently inquired for the goat of the sin-offering, and, behold, it was burnt; and he was angry with Eleazar and with Ithamar, the sons of Aaron that were left, saying:",Torah::Leviticus::Shmini Type::AutoCloze
JPS1917|Leviticus 10:16|c2,Leviticus 10:16,Shmini,"And Moses diligently inquired for the goat of the sin-offering, and, behold, it was burnt; and he was angry with {{c1::Eleazar}} and with Ithamar, the sons of Aaron that were left, saying:",Torah::Leviticus::Shmini Type::AutoCloze
JPS1917|Leviticus 10:17|c1,Leviticus 10:17,Shmini,"’Wherefore have ye not eaten the sin-offering in the place of the sanctuary, seeing it is most holy, and {{c1::He}} hath given it you to bear the iniquity of the congregation, to make atonement for them before the LORD?",Torah::Leviticus::Shmini Type::AutoCloze
JPS1917|Leviticus 10:17|c2,Leviticus 10:17,Shmini,"’Wherefore have ye not eaten the sin-offering in the place of the sanctuary, seeing it is most holy, and He hath given it you to bear the iniquity of the congregation, to make atonement for them before the LORD?",Torah::Leviticus::Shmini Type::AutoCloze
JPS1917|Leviticus 10:18|c1,Leviticus 10:18,Shmini,"Behold, the blood of it was not brought into the sanctuary within; ye should certainly have eaten it in the sanctuary, as {{c1::I}} commanded.’",Torah::Leviticus::Shmini Type::AutoCloze
JPS1917|Leviticus 10:18|c2,Leviticus 10:18,Shmini,"{{c1::Behold}}, the blood of it was not brought into the sanctuary within; ye should certainly have eaten it in the sanctuary, as I commanded.’",Torah::Leviticus::Shmini Type::AutoCloze
JPS1917|Leviticus 10:19|c1,Leviticus 10:19,Shmini,"And {{c1::Aaron}} spoke unto Moses: ‘Behold, this day have they offered their sin-offering and their burnt-offering before the LORD, and there have befallen me such things as these; and if I had eaten the sin-offering to-day, would it have been well-pleasing in the sight of the LORD?",Torah::Leviticus::Shmini Type::AutoCloze
JPS1917|Leviticus 10:19|c2,Leviticus 10:19,Shmini,"And Aaron spoke unto {{c1::Moses}}: ‘Behold, this day have they offered their sin-offering and their burnt-offering before the LORD, and there have befallen me such things as these; and if I had eaten the sin-offering to-day, would it have been well-pleasing in the sight of the LORD?",Torah::Leviticus::Shmini Type::AutoCloze
JPS1917|Leviticus 10:20|c1,Leviticus 10:20,Shmini,"And when {{c1::Moses}} heard that, it was well-pleasing in his sight.",Torah::Leviticus::Shmini Type::AutoCloze
JPS1917|Leviticus 10:20|c2,Leviticus 10:20,Shmini,"And when Moses heard that, it was well-{{c1::pleasing}} in his sight.",Torah::Leviticus::Shmini Type::AutoCloze
JPS1917|Leviticus 11:1|c1,Leviticus 11:1,Shmini,"And the LORD spoke unto {{c1::Moses}} and to Aaron, saying unto them:",Torah::Leviticus::Shmini Type::AutoCloze
JPS1917|Leviticus 11:1|c2,Leviticus 11:1,Shmini,"And the LORD spoke unto Moses and to {{c1::Aaron}}, saying unto them:",Torah::Leviticus::Shmini Type::AutoCloze
JPS1917|Leviticus 11:2|c1,Leviticus 11:2,Shmini,"Speak unto the children of {{c1::Israel}}, saying: These are the living things which ye may eat among all the beasts that are on the earth.",Torah::Leviticus::Shmini Type::AutoCloze
JPS1917|Leviticus 11:2|c2,Leviticus 11:2,Shmini,"Speak unto the children of Israel, saying: {{c1::These}} are the living things which ye may eat among all the beasts that are on the earth.",Torah::Leviticus::Shmini Type::AutoCloze
JPS1917|Leviticus 11:3|c1,Leviticus 11:3,Shmini,"{{c1::Whatsoever}} parteth the hoof, and is wholly cloven-footed, and cheweth the cud, among the beasts, that may ye eat.",Torah::Leviticus::Shmini Type::AutoCloze
JPS1917|Leviticus 11:3|c2,Leviticus 11:3,Shmini,"Whatsoever {{c1::parteth}} the hoof, and is wholly cloven-footed, and cheweth the cud, among the beasts, that may ye eat.",Torah::Leviticus::Shmini Type::AutoCloze
JPS1917|Leviticus 11:4|c1,Leviticus 11:4,Shmini,"{{c1::Nevertheless}} these shall ye not eat of them that only chew the cud, or of them that only part the hoof: the camel, because he cheweth the cud but parteth not the hoof, he is unclean unto you.",Torah::Leviticus::Shmini Type::AutoCloze
JPS1917|Leviticus 11:4|c2,Leviticus 11:4,Shmini,"Nevertheless these shall ye not eat of them that only chew the cud, or of them that only part the hoof: the camel, {{c1::because}} he cheweth the cud but parteth not the hoof, he is unclean unto you.",Torah::Leviticus::Shmini Type::AutoCloze
JPS1917|Leviticus 11:5|c1,Leviticus 11:5,Shmini,"And the rock-{{c1::badger}}, because he cheweth the cud but parteth not the hoof, he is unclean unto you.",Torah::Leviticus::Shmini Type::AutoCloze
JPS1917|Leviticus 11:5|c2,Leviticus 11:5,Shmini,"And the rock-badger, {{c1::because}} he cheweth the cud but parteth not the hoof, he is unclean unto you.",Torah::Leviticus::Shmini Type::AutoCloze
JPS1917|Leviticus 11:6|c1,Leviticus 11:6,Shmini,"And the hare, {{c1::because}} she cheweth the cud but parteth not the hoof, she is unclean unto you.",Torah::Leviticus::Shmini Type::AutoCloze
JPS1917|Leviticus 11:6|c2,Leviticus 11:6,Shmini,"And the hare, because she {{c1::cheweth}} the cud but parteth not the hoof, she is unclean unto you.",Torah::Leviticus::Shmini Type::AutoCloze
JPS1917|Leviticus 11:7|c1,Leviticus 11:7,Shmini,"And the swine, {{c1::because}} he parteth the hoof, and is cloven-footed, but cheweth not the cud, he is unclean unto you.",Torah::Leviticus::Shmini Type::AutoCloze
JPS1917|Leviticus 11:7|c2,Leviticus 11:7,Shmini,"And the swine, because he {{c1::parteth}} the hoof, and is cloven-footed, but cheweth not the cud, he is unclean unto you.",Torah::Leviticus::Shmini Type::AutoCloze
JPS1917|Leviticus 11:8|c1,Leviticus 11:8,Shmini,"Of their flesh ye shall not eat, and their {{c1::carcasses}} ye shall not touch; they are unclean unto you.",Torah::Leviticus::Shmini Type::AutoCloze
JPS1917|Leviticus 11:8|c2,Leviticus 11:8,Shmini,"Of their flesh ye shall not eat, and their carcasses ye shall not touch; they are {{c1::unclean}} unto you.",Torah::Leviticus::Shmini Type::AutoCloze
JPS1917|Leviticus 11:9|c1,Leviticus 11:9,Shmini,"These may ye eat of all that are in the {{c1::waters}}: whatsoever hath fins and scales in the waters, in the seas, and in the rivers, them may ye eat.",Torah::Leviticus::Shmini Type::AutoCloze
JPS1917|Leviticus 11:9|c2,Leviticus 11:9,Shmini,"These may ye eat of all that are in the waters: {{c1::whatsoever}} hath fins and scales in the waters, in the seas, and in the rivers, them may ye eat.",Torah::Leviticus::Shmini Type::AutoCloze
JPS1917|Leviticus 11:10|c1,Leviticus 11:10,Shmini,"And all that have not fins and {{c1::scales}} in the seas, and in the rivers, of all that swarm in the waters, and of all the living creatures that are in the waters, they are a detestable thing unto you,",Torah::Leviticus::Shmini Type::AutoCloze
JPS1917|Leviticus 11:10|c2,Leviticus 11:10,Shmini,"And all that have not fins and scales in the seas, and in the {{c1::rivers}}, of all that swarm in the waters, and of all the living creatures that are in the waters, they are a detestable thing unto you,",Torah::Leviticus::Shmini Type::AutoCloze
JPS1917|Leviticus 11:11|c1,Leviticus 11:11,Shmini,"and they shall be a {{c1::detestable}} thing unto you; ye shall not eat of their flesh, and their carcasses ye shall have in detestation.",Torah::Leviticus::Shmini Type::AutoCloze
JPS1917|Leviticus 11:11|c2,Leviticus 11:11,Shmini,"and they shall be a detestable thing unto you; ye shall not eat of their flesh, and their {{c1::carcasses}} ye shall have in detestation.",Torah::Leviticus::Shmini Type::AutoCloze
JPS1917|Leviticus 11:12|c1,Leviticus 11:12,Shmini,"{{c1::Whatsoever}} hath no fins nor scales in the waters, that is a detestable thing unto you.",Torah::Leviticus::Shmini Type::AutoCloze
JPS1917|Leviticus 11:12|c2,Leviticus 11:12,Shmini,"Whatsoever hath no fins nor {{c1::scales}} in the waters, that is a detestable thing unto you.",Torah::Leviticus::Shmini Type::AutoCloze
JPS1917|Leviticus 11:13|c1,Leviticus 11:13,Shmini,"And these ye shall have in {{c1::detestation}} among the fowls; they shall not be eaten, they are a detestable thing: the great vulture, and the bearded vulture, and the ospray;",Torah::Leviticus::Shmini Type::AutoCloze
JPS1917|Leviticus 11:13|c2,Leviticus 11:13,Shmini,"And these ye shall have in detestation among the fowls; they shall not be eaten, they are a {{c1::detestable}} thing: the great vulture, and the bearded vulture, and the ospray;",Torah::Leviticus::Shmini Type::AutoCloze
JPS1917|Leviticus 11:14|c1,Leviticus 11:14,Shmini,"and the kite, and the {{c1::falcon}} after its kinds;",Torah::Leviticus::Shmini Type::AutoCloze
JPS1917|Leviticus 11:16|c1,Leviticus 11:16,Shmini,"and the {{c1::ostrich}}, and the night-hawk, and the sea-mew, and the hawk after its kinds;",Torah::Leviticus::Shmini Type::AutoCloze
JPS1917|Leviticus 11:17|c1,Leviticus 11:17,Shmini,"and the {{c1::little}} owl, and the cormorant, and the great owl;",Torah::Leviticus::Shmini Type::AutoCloze
JPS1917|Leviticus 11:17|c2,Leviticus 11:17,Shmini,"and the little owl, and the {{c1::cormorant}}, and the great owl;",Torah::Leviticus::Shmini Type::AutoCloze
JPS1917|Leviticus 11:18|c1,Leviticus 11:18,Shmini,"and the {{c1::horned}} owl, and the pelican, and the carrion-vulture;",Torah::Leviticus::Shmini Type::AutoCloze
JPS1917|Leviticus 11:18|c2,Leviticus 11:18,Shmini,"and the horned owl, and the {{c1::pelican}}, and the carrion-vulture;",Torah::Leviticus::Shmini Type::AutoCloze
JPS1917|Leviticus 11:19|c1,Leviticus 11:19,Shmini,"and the stork, and the heron after its kinds, and the {{c1::hoopoe}}, and the bat.",Torah::Leviticus::Shmini Type::AutoCloze
JPS1917|Leviticus 11:20|c1,Leviticus 11:20,Shmini,All {{c1::winged}} swarming things that go upon all fours are a detestable thing unto you.,Torah::Leviticus::Shmini Type::AutoCloze
JPS1917|Leviticus 11:20|c2,Leviticus 11:20,Shmini,All winged {{c1::swarming}} things that go upon all fours are a detestable thing unto you.,Torah::Leviticus::Shmini Type::AutoCloze
JPS1917|Leviticus 11:21|c1,Leviticus 11:21,Shmini,"Yet these may ye eat of all {{c1::winged}} swarming things that go upon all fours, which have jointed legs above their feet, wherewith to leap upon the earth;",Torah::Leviticus::Shmini Type::AutoCloze
JPS1917|Leviticus 11:21|c2,Leviticus 11:21,Shmini,"Yet these may ye eat of all winged {{c1::swarming}} things that go upon all fours, which have jointed legs above their feet, wherewith to leap upon the earth;",Torah::Leviticus::Shmini Type::AutoCloze
JPS1917|Leviticus 11:22|c1,Leviticus 11:22,Shmini,"even these of them ye may eat: the {{c1::locust}} after its kinds, and the bald locust after its kinds, and the cricket after its kinds, and the grasshopper after its kinds.",Torah::Leviticus::Shmini Type::AutoCloze
JPS1917|Leviticus 11:22|c2,Leviticus 11:22,Shmini,"even these of them ye may eat: the locust after its kinds, and the bald locust after its kinds, and the {{c1::cricket}} after its kinds, and the grasshopper after its kinds.",Torah::Leviticus::Shmini Type::AutoCloze
JPS1917|Leviticus 11:23|c1,Leviticus 11:23,Shmini,"But all {{c1::winged}} swarming things, which have four feet, are a detestable thing unto you.",Torah::Leviticus::Shmini Type::AutoCloze
JPS1917|Leviticus 11:23|c2,Leviticus 11:23,Shmini,"But all winged {{c1::swarming}} things, which have four feet, are a detestable thing unto you.",Torah::Leviticus::Shmini Type::AutoCloze
JPS1917|Leviticus 11:24|c1,Leviticus 11:24,Shmini,And by these ye shall {{c1::become}} unclean; whosoever toucheth the carcass of them shall be unclean until even.,Torah::Leviticus::Shmini Type::AutoCloze
JPS1917|Leviticus 11:24|c2,Leviticus 11:24,Shmini,And by these ye shall become {{c1::unclean}}; whosoever toucheth the carcass of them shall be unclean until even.,Torah::Leviticus::Shmini Type::AutoCloze
JPS1917|Leviticus 11:25|c1,Leviticus 11:25,Shmini,"And {{c1::whosoever}} beareth aught of the carcass of them shall wash his clothes, and be unclean until the even.",Torah::Leviticus::Shmini Type::AutoCloze
JPS1917|Leviticus 11:25|c2,Leviticus 11:25,Shmini,"And whosoever {{c1::beareth}} aught of the carcass of them shall wash his clothes, and be unclean until the even.",Torah::Leviticus::Shmini Type::AutoCloze
JPS1917|Leviticus 11:26|c1,Leviticus 11:26,Shmini,"Every beast which {{c1::parteth}} the hoof, but is not cloven footed, nor cheweth the cud, is unclean unto you; every one that to toucheth them shall be unclean.",Torah::Leviticus::Shmini Type::AutoCloze
JPS1917|Leviticus 11:26|c2,Leviticus 11:26,Shmini,"Every beast which parteth the hoof, but is not {{c1::cloven}} footed, nor cheweth the cud, is unclean unto you; every one that to toucheth them shall be unclean.",Torah::Leviticus::Shmini Type::AutoCloze
JPS1917|Leviticus 11:27|c1,Leviticus 11:27,Shmini,"And {{c1::whatsoever}} goeth upon its paws, among all beasts that go on all fours, they are unclean unto you; whoso toucheth their carcass shall be unclean until the even.",Torah::Leviticus::Shmini Type::AutoCloze
JPS1917|Leviticus 11:27|c2,Leviticus 11:27,Shmini,"And whatsoever goeth upon its paws, among all {{c1::beasts}} that go on all fours, they are unclean unto you; whoso toucheth their carcass shall be unclean until the even.",Torah::Leviticus::Shmini Type::AutoCloze
JPS1917|Leviticus 11:28|c1,Leviticus 11:28,Shmini,"And he that {{c1::beareth}} the carcass of them shall wash his clothes, and be unclean until the even; they are unclean unto you.",Torah::Leviticus::Shmini Type::AutoCloze
JPS1917|Leviticus 11:28|c2,Leviticus 11:28,Shmini,"And he that beareth the {{c1::carcass}} of them shall wash his clothes, and be unclean until the even; they are unclean unto you.",Torah::Leviticus::Shmini Type::AutoCloze
JPS1917|Leviticus 11:29|c1,Leviticus 11:29,Shmini,"And these are they which are {{c1::unclean}} unto you among the swarming things that swarm upon the earth: the weasel, and the mouse, and the great lizard after its kinds,",Torah::Leviticus::Shmini Type::AutoCloze
JPS1917|Leviticus 11:29|c2,Leviticus 11:29,Shmini,"And these are they which are unclean unto you among the {{c1::swarming}} things that swarm upon the earth: the weasel, and the mouse, and the great lizard after its kinds,",Torah::Leviticus::Shmini Type::AutoCloze
JPS1917|Leviticus 11:30|c1,Leviticus 11:30,Shmini,"and the gecko, and the land-{{c1::crocodile}}, and the lizard, and the sand-lizard, and the chameleon.",Torah::Leviticus::Shmini Type::AutoCloze
JPS1917|Leviticus 11:30|c2,Leviticus 11:30,Shmini,"and the gecko, and the land-crocodile, and the {{c1::lizard}}, and the sand-lizard, and the chameleon.",Torah::Leviticus::Shmini Type::AutoCloze
JPS1917|Leviticus 11:31|c1,Leviticus 11:31,Shmini,"These are they which are {{c1::unclean}} to you among all that swarm; whosoever doth touch them, when they are dead, shall be unclean until the even.",Torah::Leviticus::Shmini Type::AutoCloze
JPS1917|Leviticus 11:31|c2,Leviticus 11:31,Shmini,"These are they which are unclean to you among all that swarm; {{c1::whosoever}} doth touch them, when they are dead, shall be unclean until the even.",Torah::Leviticus::Shmini Type::AutoCloze
JPS1917|Leviticus 11:32|c1,Leviticus 11:32,Shmini,"And upon {{c1::whatsoever}} any of them, when they are dead, doth fall, it shall be unclean; whether it be any vessel of wood, or raiment, or skin, or sack, whatsoever vessel it be, wherewith any work is done, it must be put into water, and it shall be unclean until the even; then shall it be clean.",Torah::Leviticus::Shmini Type::AutoCloze
JPS1917|Leviticus 11:32|c2,Leviticus 11:32,Shmini,"And upon whatsoever any of them, when they are dead, doth fall, it shall be {{c1::unclean}}; whether it be any vessel of wood, or raiment, or skin, or sack, whatsoever vessel it be, wherewith any work is done, it must be put into water, and it shall be unclean until the even; then shall it be clean.",Torah::Leviticus::Shmini Type::AutoCloze
JPS1917|Leviticus 11:33|c1,Leviticus 11:33,Shmini,"And every {{c1::earthen}} vessel whereinto any of them falleth, whatsoever is in it shall be unclean, and it ye shall break.",Torah::Leviticus::Shmini Type::AutoCloze
JPS1917|Leviticus 11:33|c2,Leviticus 11:33,Shmini,"And every earthen {{c1::vessel}} whereinto any of them falleth, whatsoever is in it shall be unclean, and it ye shall break.",Torah::Leviticus::Shmini Type::AutoCloze
JPS1917|Leviticus 11:34|c1,Leviticus 11:34,Shmini,"All food {{c1::therein}} which may be eaten, that on which water cometh, shall be unclean; and all drink in every such vessel that may be drunk shall be unclean.",Torah::Leviticus::Shmini Type::AutoCloze
JPS1917|Leviticus 11:34|c2,Leviticus 11:34,Shmini,"All food therein which may be eaten, that on which water {{c1::cometh}}, shall be unclean; and all drink in every such vessel that may be drunk shall be unclean.",Torah::Leviticus::Shmini Type::AutoCloze
JPS1917|Leviticus 11:35|c1,Leviticus 11:35,Shmini,"And every thing {{c1::whereupon}} any part of their carcass falleth shall be unclean; whether oven, or range for pots, it shall be broken in pieces; they are unclean, and shall be unclean unto you.",Torah::Leviticus::Shmini Type::AutoCloze
JPS1917|Leviticus 11:35|c2,Leviticus 11:35,Shmini,"And every thing whereupon any part of their {{c1::carcass}} falleth shall be unclean; whether oven, or range for pots, it shall be broken in pieces; they are unclean, and shall be unclean unto you.",Torah::Leviticus::Shmini Type::AutoCloze
JPS1917|Leviticus 11:36|c1,Leviticus 11:36,Shmini,{{c1::Nevertheless}} a fountain or a cistern wherein is a gathering of water shall be clean; but he who toucheth their carcass shall be unclean.,Torah::Leviticus::Shmini Type::AutoCloze
JPS1917|Leviticus 11:36|c2,Leviticus 11:36,Shmini,Nevertheless a {{c1::fountain}} or a cistern wherein is a gathering of water shall be clean; but he who toucheth their carcass shall be unclean.,Torah::Leviticus::Shmini Type::AutoCloze
JPS1917|Leviticus 11:37|c1,Leviticus 11:37,Shmini,"And if aught of their {{c1::carcass}} fall upon any sowing seed which is to be sown, it is clean.",Torah::Leviticus::Shmini Type::AutoCloze
JPS1917|Leviticus 11:37|c2,Leviticus 11:37,Shmini,"And if aught of their carcass fall upon any {{c1::sowing}} seed which is to be sown, it is clean.",Torah::Leviticus::Shmini Type::AutoCloze
JPS1917|Leviticus 11:38|c1,Leviticus 11:38,Shmini,"But if water be put upon the seed, and aught of their {{c1::carcass}} fall thereon, it is unclean unto you.",Torah::Leviticus::Shmini Type::AutoCloze
JPS1917|Leviticus 11:38|c2,Leviticus 11:38,Shmini,"But if water be put upon the seed, and aught of their carcass fall {{c1::thereon}}, it is unclean unto you.",Torah::Leviticus::Shmini Type::AutoCloze
JPS1917|Leviticus 11:39|c1,Leviticus 11:39,Shmini,"And if any beast, of which ye may eat, die, he that {{c1::toucheth}} the carcass thereof shall be unclean until the even.",Torah::Leviticus::Shmini Type::AutoCloze
JPS1917|Leviticus 11:39|c2,Leviticus 11:39,Shmini,"And if any beast, of which ye may eat, die, he that toucheth the {{c1::carcass}} thereof shall be unclean until the even.",Torah::Leviticus::Shmini Type::AutoCloze
JPS1917|Leviticus 11:40|c1,Leviticus 11:40,Shmini,"And he that {{c1::eateth}} of the carcass of it shall wash his clothes, and be unclean until the even; he also that beareth the carcass of it shall wash his clothes, and be unclean until the even.",Torah::Leviticus::Shmini Type::AutoCloze
JPS1917|Leviticus 11:40|c2,Leviticus 11:40,Shmini,"And he that eateth of the {{c1::carcass}} of it shall wash his clothes, and be unclean until the even; he also that beareth the carcass of it shall wash his clothes, and be unclean until the even.",Torah::Leviticus::Shmini Type::AutoCloze
JPS1917|Leviticus 11:41|c1,Leviticus 11:41,Shmini,And every {{c1::swarming}} thing that swarmeth upon the earth is a detestable thing; it shall not be eaten.,Torah::Leviticus::Shmini Type::AutoCloze
JPS1917|Leviticus 11:41|c2,Leviticus 11:41,Shmini,And every swarming thing that {{c1::swarmeth}} upon the earth is a detestable thing; it shall not be eaten.,Torah::Leviticus::Shmini Type::AutoCloze
JPS1917|Leviticus 11:42|c1,Leviticus 11:42,Shmini,"{{c1::Whatsoever}} goeth upon the belly, and whatsoever goeth upon all fours, or whatsoever hath many feet, even all swarming things that swarm upon the earth, them ye shall not eat; for they are a detestable thing.",Torah::Leviticus::Shmini Type::AutoCloze
JPS1917|Leviticus 11:42|c2,Leviticus 11:42,Shmini,"Whatsoever goeth upon the belly, and whatsoever goeth upon all fours, or whatsoever hath many feet, even all {{c1::swarming}} things that swarm upon the earth, them ye shall not eat; for they are a detestable thing.",Torah::Leviticus::Shmini Type::AutoCloze
JPS1917|Leviticus 11:43|c1,Leviticus 11:43,Shmini,"Ye shall not make {{c1::yourselves}} detestable with any swarming thing that swarmeth, neither shall ye make yourselves unclean with them, that ye should be defiled thereby.",Torah::Leviticus::Shmini Type::AutoCloze
JPS1917|Leviticus 11:43|c2,Leviticus 11:43,Shmini,"Ye shall not make yourselves {{c1::detestable}} with any swarming thing that swarmeth, neither shall ye make yourselves unclean with them, that ye should be defiled thereby.",Torah::Leviticus::Shmini Type::AutoCloze
JPS1917|Leviticus 11:44|c1,Leviticus 11:44,Shmini,"For {{c1::I}} am the LORD your God; sanctify yourselves therefore, and be ye holy; for I am holy; neither shall ye defile yourselves with any manner of swarming thing that moveth upon the earth.",Torah::Leviticus::Shmini Type::AutoCloze
JPS1917|Leviticus 11:44|c2,Leviticus 11:44,Shmini,"For I am the LORD your God; {{c1::sanctify}} yourselves therefore, and be ye holy; for I am holy; neither shall ye defile yourselves with any manner of swarming thing that moveth upon the earth.",Torah::Leviticus::Shmini Type::AutoCloze
JPS1917|Leviticus 11:45|c1,Leviticus 11:45,Shmini,"For {{c1::I}} am the LORD that brought you up out of the land of Egypt, to be your God; ye shall therefore be holy, for I am holy. .",Torah::Leviticus::Shmini Type::AutoCloze
JPS1917|Leviticus 11:45|c2,Leviticus 11:45,Shmini,"For I am the LORD that brought you up out of the land of {{c1::Egypt}}, to be your God; ye shall therefore be holy, for I am holy. .",Torah::Leviticus::Shmini Type::AutoCloze
JPS1917|Leviticus 11:46|c1,Leviticus 11:46,Shmini,"This is the law of the beast, and of the fowl, and of every {{c1::living}} creature that moveth in the waters, and of every creature that swarmeth upon the earth;",Torah::Leviticus::Shmini Type::AutoCloze
JPS1917|Leviticus 11:46|c2,Leviticus 11:46,Shmini,"This is the law of the beast, and of the fowl, and of every living {{c1::creature}} that moveth in the waters, and of every creature that swarmeth upon the earth;",Torah::Leviticus::Shmini Type::AutoCloze
JPS1917|Leviticus 11:47|c1,Leviticus 11:47,Shmini,"to make a {{c1::difference}} between the unclean and the clean, and between the living thing that may be eaten and the living thing that may not be eaten.",Torah::Leviticus::Shmini Type::AutoCloze
JPS1917|Leviticus 11:47|c2,Leviticus 11:47,Shmini,"to make a difference {{c1::between}} the unclean and the clean, and between the living thing that may be eaten and the living thing that may not be eaten.",Torah::Leviticus::Shmini Type::AutoCloze
