JPS1917|Exodus 6:2|c1,Exodus 6:2,Vaera,"And God spoke unto {{c1::Moses}}, and said unto him: ‘I am the LORD;",Torah::Exodus::Vaera Type::AutoCloze
JPS1917|Exodus 6:2|c2,Exodus 6:2,Vaera,"And God spoke unto Moses, and said unto him: ‘{{c1::I}} am the LORD;",Torah::Exodus::Vaera Type::AutoCloze
JPS1917|Exodus 6:3|c1,Exodus 6:3,Vaera,"and {{c1::I}} appeared unto Abraham, unto Isaac, and unto Jacob, as God Almighty, but by My name יהוה I made Me not known to them.",Torah::Exodus::Vaera Type::AutoCloze
JPS1917|Exodus 6:3|c2,Exodus 6:3,Vaera,"and I appeared unto {{c1::Abraham}}, unto Isaac, and unto Jacob, as God Almighty, but by My name יהוה I made Me not known to them.",Torah::Exodus::Vaera Type::AutoCloze
JPS1917|Exodus 6:4|c1,Exodus 6:4,Vaera,"And {{c1::I}} have also established My covenant with them, to give them the land of Canaan, the land of their sojournings, wherein they sojourned.",Torah::Exodus::Vaera Type::AutoCloze
JPS1917|Exodus 6:4|c2,Exodus 6:4,Vaera,"And I have also established {{c1::My}} covenant with them, to give them the land of Canaan, the land of their sojournings, wherein they sojourned.",Torah::Exodus::Vaera Type::AutoCloze
JPS1917|Exodus 6:5|c1,Exodus 6:5,Vaera,"And moreover {{c1::I}} have heard the groaning of the children of Israel, whom the Egyptians keep in bondage; and I have remembered My covenant.",Torah::Exodus::Vaera Type::AutoCloze
JPS1917|Exodus 6:5|c2,Exodus 6:5,Vaera,"And moreover I have heard the groaning of the children of {{c1::Israel}}, whom the Egyptians keep in bondage; and I have remembered My covenant.",Torah::Exodus::Vaera Type::AutoCloze
JPS1917|Exodus 6:6|c1,Exodus 6:6,Vaera,"Wherefore say unto the children of {{c1::Israel}}: I am the LORD, and I will bring you out from under the burdens of the Egyptians, and I will deliver you from their bondage, and I will redeem you with an outstretched arm, and with great judgments;",Torah::Exodus::Vaera Type::AutoCloze
JPS1917|Exodus 6:6|c2,Exodus 6:6,Vaera,"Wherefore say unto the children of Israel: {{c1::I}} am the LORD, and I will bring you out from under the burdens of the Egyptians, and I will deliver you from their bondage, and I will redeem you with an outstretched arm, and with great judgments;",Torah::Exodus::Vaera Type::AutoCloze
JPS1917|Exodus 6:7|c1,Exodus 6:7,Vaera,"and {{c1::I}} will take you to Me for a people, and I will be to you a God; and ye shall know that I am the LORD your God, who brought you out from under the burdens of the Egyptians.",Torah::Exodus::Vaera Type::AutoCloze
JPS1917|Exodus 6:7|c2,Exodus 6:7,Vaera,"and I will take you to {{c1::Me}} for a people, and I will be to you a God; and ye shall know that I am the LORD your God, who brought you out from under the burdens of the Egyptians.",Torah::Exodus::Vaera Type::AutoCloze
JPS1917|Exodus 6:8|c1,Exodus 6:8,Vaera,"And {{c1::I}} will bring you in unto the land, concerning which I lifted up My hand to give it to Abraham, to Isaac, and to Jacob; and I will give it you for a heritage: I am the LORD.’",Torah::Exodus::Vaera Type::AutoCloze
JPS1917|Exodus 6:8|c2,Exodus 6:8,Vaera,"And I will bring you in unto the land, concerning which I lifted up {{c1::My}} hand to give it to Abraham, to Isaac, and to Jacob; and I will give it you for a heritage: I am the LORD.’",Torah::Exodus::Vaera Type::AutoCloze
JPS1917|Exodus 6:9|c1,Exodus 6:9,Vaera,"And {{c1::Moses}} spoke so unto the children of Israel; but they hearkened not unto Moses for impatience of spirit, and for cruel bondage.",Torah::Exodus::Vaera Type::AutoCloze
JPS1917|Exodus 6:9|c2,Exodus 6:9,Vaera,"And Moses spoke so unto the children of {{c1::Israel}}; but they hearkened not unto Moses for impatience of spirit, and for cruel bondage.",Torah::Exodus::Vaera Type::AutoCloze
JPS1917|Exodus 6:10|c1,Exodus 6:10,Vaera,"And the LORD spoke unto {{c1::Moses}}, saying:",Torah::Exodus::Vaera Type::AutoCloze
JPS1917|Exodus 6:10|c2,Exodus 6:10,Vaera,"And the LORD spoke unto Moses, {{c1::saying}}:",Torah::Exodus::Vaera Type::AutoCloze
JPS1917|Exodus 6:11|c1,Exodus 6:11,Vaera,"’Go in, speak unto {{c1::Pharaoh}} king of Egypt, that he let the children of Israel go out of his land.’",Torah::Exodus::Vaera Type::AutoCloze
JPS1917|Exodus 6:11|c2,Exodus 6:11,Vaera,"’Go in, speak unto Pharaoh king of {{c1::Egypt}}, that he let the children of Israel go out of his land.’",Torah::Exodus::Vaera Type::AutoCloze
JPS1917|Exodus 6:12|c1,Exodus 6:12,Vaera,"And {{c1::Moses}} spoke before the LORD, saying: ‘Behold, the children of Israel have not hearkened unto me; how then shall Pharaoh hear me, who am of uncircumcised lips?’",Torah::Exodus::Vaera Type::AutoCloze
JPS1917|Exodus 6:12|c2,Exodus 6:12,Vaera,"And Moses spoke before the LORD, saying: ‘{{c1::Behold}}, the children of Israel have not hearkened unto me; how then shall Pharaoh hear me, who am of uncircumcised lips?’",Torah::Exodus::Vaera Type::AutoCloze
JPS1917|Exodus 6:13|c1,Exodus 6:13,Vaera,"And the LORD spoke unto {{c1::Moses}} and unto Aaron, and gave them a charge unto the children of Israel, and unto Pharaoh king of Egypt, to bring the children of Israel out of the land of Egypt.",Torah::Exodus::Vaera Type::AutoCloze
JPS1917|Exodus 6:13|c2,Exodus 6:13,Vaera,"And the LORD spoke unto Moses and unto {{c1::Aaron}}, and gave them a charge unto the children of Israel, and unto Pharaoh king of Egypt, to bring the children of Israel out of the land of Egypt.",Torah::Exodus::Vaera Type::AutoCloze
JPS1917|Exodus 6:14|c1,Exodus 6:14,Vaera,"These are the heads of their fathers’houses: the sons of {{c1::Reuben}} the first-born of Israel: Hanoch, and Pallu, Hezron, and Carmi. These are the families of Reuben.",Torah::Exodus::Vaera Type::AutoCloze
JPS1917|Exodus 6:14|c2,Exodus 6:14,Vaera,"These are the heads of their fathers’houses: the sons of Reuben the first-born of {{c1::Israel}}: Hanoch, and Pallu, Hezron, and Carmi. These are the families of Reuben.",Torah::Exodus::Vaera Type::AutoCloze
JPS1917|Exodus 6:15|c1,Exodus 6:15,Vaera,"And the sons of {{c1::Simeon}}: Jemuel, and Jamin, and Ohad, and Jachin, and Zohar, and Shaul the son of a Canaanitish woman. These are the families of Simeon.",Torah::Exodus::Vaera Type::AutoCloze
JPS1917|Exodus 6:15|c2,Exodus 6:15,Vaera,"And the sons of Simeon: {{c1::Jemuel}}, and Jamin, and Ohad, and Jachin, and Zohar, and Shaul the son of a Canaanitish woman. These are the families of Simeon.",Torah::Exodus::Vaera Type::AutoCloze
JPS1917|Exodus 6:16|c1,Exodus 6:16,Vaera,"And these are the names of the sons of {{c1::Levi}} according to their generations: Gershon and Kohath, and Merari. And the years of the life of Levi were a hundred thirty and seven years.",Torah::Exodus::Vaera Type::AutoCloze
JPS1917|Exodus 6:16|c2,Exodus 6:16,Vaera,"And these are the names of the sons of Levi according to their generations: {{c1::Gershon}} and Kohath, and Merari. And the years of the life of Levi were a hundred thirty and seven years.",Torah::Exodus::Vaera Type::AutoCloze
JPS1917|Exodus 6:17|c1,Exodus 6:17,Vaera,"The sons of {{c1::Gershon}}: Libni and Shimei, according to their families.",Torah::Exodus::Vaera Type::AutoCloze
JPS1917|Exodus 6:17|c2,Exodus 6:17,Vaera,"The sons of Gershon: {{c1::Libni}} and Shimei, according to their families.",Torah::Exodus::Vaera Type::AutoCloze
JPS1917|Exodus 6:18|c1,Exodus 6:18,Vaera,"And the sons of {{c1::Kohath}}: Amram, and Izhar, and Hebron, and Uzziel. And the years of the life of Kohath were a hundred thirty and three years.",Torah::Exodus::Vaera Type::AutoCloze
JPS1917|Exodus 6:18|c2,Exodus 6:18,Vaera,"And the sons of Kohath: {{c1::Amram}}, and Izhar, and Hebron, and Uzziel. And the years of the life of Kohath were a hundred thirty and three years.",Torah::Exodus::Vaera Type::AutoCloze
JPS1917|Exodus 6:19|c1,Exodus 6:19,Vaera,And the sons of {{c1::Merari}}: Mahli and Mushi. These are the families of the Levites according to their generations.,Torah::Exodus::Vaera Type::AutoCloze
JPS1917|Exodus 6:19|c2,Exodus 6:19,Vaera,And the sons of Merari: {{c1::Mahli}} and Mushi. These are the families of the Levites according to their generations.,Torah::Exodus::Vaera Type::AutoCloze
JPS1917|Exodus 6:20|c1,Exodus 6:20,Vaera,And {{c1::Amram}} took him Jochebed his father’s sister to wife; and she bore him Aaron and Moses. And the years of the life of Amram were a hundred and thirty and seven years.,Torah::Exodus::Vaera Type::AutoCloze
JPS1917|Exodus 6:20|c2,Exodus 6:20,Vaera,And Amram took him {{c1::Jochebed}} his father’s sister to wife; and she bore him Aaron and Moses. And the years of the life of Amram were a hundred and thirty and seven years.,Torah::Exodus::Vaera Type::AutoCloze
JPS1917|Exodus 6:21|c1,Exodus 6:21,Vaera,"And the sons of {{c1::Izhar}}: Korah, and Nepheg, and Zichri.",Torah::Exodus::Vaera Type::AutoCloze
JPS1917|Exodus 6:21|c2,Exodus 6:21,Vaera,"And the sons of Izhar: {{c1::Korah}}, and Nepheg, and Zichri.",Torah::Exodus::Vaera Type::AutoCloze
JPS1917|Exodus 6:22|c1,Exodus 6:22,Vaera,"And the sons of {{c1::Uzziel}}: Mishael, and Elzaphan, and Sithri.",Torah::Exodus::Vaera Type::AutoCloze
JPS1917|Exodus 6:22|c2,Exodus 6:22,Vaera,"And the sons of Uzziel: {{c1::Mishael}}, and Elzaphan, and Sithri.",Torah::Exodus::Vaera Type::AutoCloze
JPS1917|Exodus 6:23|c1,Exodus 6:23,Vaera,"And {{c1::Aaron}} took him Elisheba, the daughter of Amminadab, the sister of Nahshon, to wife; and she bore him Nadab and Abihu, Eleazar and Ithamar.",Torah::Exodus::Vaera Type::AutoCloze
JPS1917|Exodus 6:23|c2,Exodus 6:23,Vaera,"And Aaron took him {{c1::Elisheba}}, the daughter of Amminadab, the sister of Nahshon, to wife; and she bore him Nadab and Abihu, Eleazar and Ithamar.",Torah::Exodus::Vaera Type::AutoCloze
JPS1917|Exodus 6:24|c1,Exodus 6:24,Vaera,"And the sons of {{c1::Korah}}: Assir, and Elkanah, and Abiasaph; these are the families of the Korahites.",Torah::Exodus::Vaera Type::AutoCloze
JPS1917|Exodus 6:24|c2,Exodus 6:24,Vaera,"And the sons of Korah: {{c1::Assir}}, and Elkanah, and Abiasaph; these are the families of the Korahites.",Torah::Exodus::Vaera Type::AutoCloze
JPS1917|Exodus 6:25|c1,Exodus 6:25,Vaera,And {{c1::Eleazar}} Aaron’s son took him one of the daughters of Putiel to wife; and she bore him Phinehas. These are the heads of the fathers’houses of the Levites according to their families.,Torah::Exodus::Vaera Type::AutoCloze
JPS1917|Exodus 6:25|c2,Exodus 6:25,Vaera,And Eleazar {{c1::Aaron’s}} son took him one of the daughters of Putiel to wife; and she bore him Phinehas. These are the heads of the fathers’houses of the Levites according to their families.,Torah::Exodus::Vaera Type::AutoCloze
JPS1917|Exodus 6:26|c1,Exodus 6:26,Vaera,"These are that {{c1::Aaron}} and Moses, to whom the LORD said: ‘Bring out the children of Israel from the land of Egypt according to their hosts.’",Torah::Exodus::Vaera Type::AutoCloze
JPS1917|Exodus 6:26|c2,Exodus 6:26,Vaera,"These are that Aaron and {{c1::Moses}}, to whom the LORD said: ‘Bring out the children of Israel from the land of Egypt according to their hosts.’",Torah::Exodus::Vaera Type::AutoCloze
JPS1917|Exodus 6:27|c1,Exodus 6:27,Vaera,"These are they that spoke to {{c1::Pharaoh}} king of Egypt, to bring out the children of Israel from Egypt. These are that Moses and Aaron.",Torah::Exodus::Vaera Type::AutoCloze
JPS1917|Exodus 6:27|c2,Exodus 6:27,Vaera,"These are they that spoke to Pharaoh king of {{c1::Egypt}}, to bring out the children of Israel from Egypt. These are that Moses and Aaron.",Torah::Exodus::Vaera Type::AutoCloze
JPS1917|Exodus 6:28|c1,Exodus 6:28,Vaera,"And it came to pass on the day when the LORD spoke unto {{c1::Moses}} in the land of Egypt,",Torah::Exodus::Vaera Type::AutoCloze
JPS1917|Exodus 6:28|c2,Exodus 6:28,Vaera,"And it came to pass on the day when the LORD spoke unto Moses in the land of {{c1::Egypt}},",Torah::Exodus::Vaera Type::AutoCloze
JPS1917|Exodus 6:29|c1,Exodus 6:29,Vaera,"that the LORD spoke unto {{c1::Moses}}, saying: ‘I am the LORD; speak thou unto Pharaoh king of Egypt all that I speak unto thee.’",Torah::Exodus::Vaera Type::AutoCloze
JPS1917|Exodus 6:29|c2,Exodus 6:29,Vaera,"that the LORD spoke unto Moses, saying: ‘{{c1::I}} am the LORD; speak thou unto Pharaoh king of Egypt all that I speak unto thee.’",Torah::Exodus::Vaera Type::AutoCloze
JPS1917|Exodus 6:30|c1,Exodus 6:30,Vaera,"And {{c1::Moses}} said before the LORD: ‘Behold, I am of uncircumcised lips, and how shall Pharaoh hearken unto me?’",Torah::Exodus::Vaera Type::AutoCloze
JPS1917|Exodus 6:30|c2,Exodus 6:30,Vaera,"And Moses said before the LORD: ‘{{c1::Behold}}, I am of uncircumcised lips, and how shall Pharaoh hearken unto me?’",Torah::Exodus::Vaera Type::AutoCloze
JPS1917|Exodus 7:1|c1,Exodus 7:1,Vaera,"And the LORD said unto {{c1::Moses}}: ‘See, I have set thee in God’s stead to Pharaoh; and Aaron thy brother shall be thy prophet.",Torah::Exodus::Vaera Type::AutoCloze
JPS1917|Exodus 7:1|c2,Exodus 7:1,Vaera,"And the LORD said unto Moses: ‘{{c1::See}}, I have set thee in God’s stead to Pharaoh; and Aaron thy brother shall be thy prophet.",Torah::Exodus::Vaera Type::AutoCloze
JPS1917|Exodus 7:2|c1,Exodus 7:2,Vaera,"Thou shalt speak all that {{c1::I}} command thee; and Aaron thy brother shall speak unto Pharaoh, that he let the children of Israel go out of his land.",Torah::Exodus::Vaera Type::AutoCloze
JPS1917|Exodus 7:2|c2,Exodus 7:2,Vaera,"Thou shalt speak all that I command thee; and {{c1::Aaron}} thy brother shall speak unto Pharaoh, that he let the children of Israel go out of his land.",Torah::Exodus::Vaera Type::AutoCloze
JPS1917|Exodus 7:3|c1,Exodus 7:3,Vaera,"And {{c1::I}} will harden Pharaoh’s heart, and multiply My signs and My wonders in the land of Egypt.",Torah::Exodus::Vaera Type::AutoCloze
JPS1917|Exodus 7:3|c2,Exodus 7:3,Vaera,"And I will harden {{c1::Pharaoh’s}} heart, and multiply My signs and My wonders in the land of Egypt.",Torah::Exodus::Vaera Type::AutoCloze
JPS1917|Exodus 7:4|c1,Exodus 7:4,Vaera,"But {{c1::Pharaoh}} will not hearken unto you, and I will lay My hand upon Egypt, and bring forth My hosts, My people the children of Israel, out of the land of Egypt, by great judgments.",Torah::Exodus::Vaera Type::AutoCloze
JPS1917|Exodus 7:4|c2,Exodus 7:4,Vaera,"But Pharaoh will not hearken unto you, and {{c1::I}} will lay My hand upon Egypt, and bring forth My hosts, My people the children of Israel, out of the land of Egypt, by great judgments.",Torah::Exodus::Vaera Type::AutoCloze
JPS1917|Exodus 7:5|c1,Exodus 7:5,Vaera,"And the {{c1::Egyptians}} shall know that I am the LORD, when I stretch forth My hand upon Egypt, and bring out the children of Israel from among them.’",Torah::Exodus::Vaera Type::AutoCloze
JPS1917|Exodus 7:5|c2,Exodus 7:5,Vaera,"And the Egyptians shall know that {{c1::I}} am the LORD, when I stretch forth My hand upon Egypt, and bring out the children of Israel from among them.’",Torah::Exodus::Vaera Type::AutoCloze
JPS1917|Exodus 7:6|c1,Exodus 7:6,Vaera,"And {{c1::Moses}} and Aaron did so; as the LORD commanded them, so did they.",Torah::Exodus::Vaera Type::AutoCloze
JPS1917|Exodus 7:6|c2,Exodus 7:6,Vaera,"And Moses and {{c1::Aaron}} did so; as the LORD commanded them, so did they.",Torah::Exodus::Vaera Type::AutoCloze
JPS1917|Exodus 7:7|c1,Exodus 7:7,Vaera,"And {{c1::Moses}} was fourscore years old, and Aaron fourscore and three years old, when they spoke unto Pharaoh.",Torah::Exodus::Vaera Type::AutoCloze
JPS1917|Exodus 7:7|c2,Exodus 7:7,Vaera,"And Moses was fourscore years old, and {{c1::Aaron}} fourscore and three years old, when they spoke unto Pharaoh.",Torah::Exodus::Vaera Type::AutoCloze
JPS1917|Exodus 7:8|c1,Exodus 7:8,Vaera,"And the LORD spoke unto {{c1::Moses}} and unto Aaron, saying:",Torah::Exodus::Vaera Type::AutoCloze
JPS1917|Exodus 7:8|c2,Exodus 7:8,Vaera,"And the LORD spoke unto Moses and unto {{c1::Aaron}}, saying:",Torah::Exodus::Vaera Type::AutoCloze
JPS1917|Exodus 7:9|c1,Exodus 7:9,Vaera,"’When {{c1::Pharaoh}} shall speak unto you, saying: Show a wonder for you; then thou shalt say unto Aaron: Take thy rod, and cast it down before Pharaoh, that it become a serpent.’",Torah::Exodus::Vaera Type::AutoCloze
JPS1917|Exodus 7:9|c2,Exodus 7:9,Vaera,"’When Pharaoh shall speak unto you, saying: {{c1::Show}} a wonder for you; then thou shalt say unto Aaron: Take thy rod, and cast it down before Pharaoh, that it become a serpent.’",Torah::Exodus::Vaera Type::AutoCloze
JPS1917|Exodus 7:10|c1,Exodus 7:10,Vaera,"And {{c1::Moses}} and Aaron went in unto Pharaoh, and they did so, as the LORD had commanded; and Aaron cast down his rod before Pharaoh and before his servants, and it became a serpent.",Torah::Exodus::Vaera Type::AutoCloze
JPS1917|Exodus 7:10|c2,Exodus 7:10,Vaera,"And Moses and {{c1::Aaron}} went in unto Pharaoh, and they did so, as the LORD had commanded; and Aaron cast down his rod before Pharaoh and before his servants, and it became a serpent.",Torah::Exodus::Vaera Type::AutoCloze
JPS1917|Exodus 7:11|c1,Exodus 7:11,Vaera,"Then {{c1::Pharaoh}} also called for the wise men and the sorcerers; and they also, the magicians of Egypt, did in like manner with their secret arts.",Torah::Exodus::Vaera Type::AutoCloze
JPS1917|Exodus 7:11|c2,Exodus 7:11,Vaera,"Then Pharaoh also called for the wise men and the sorcerers; and they also, the magicians of {{c1::Egypt}}, did in like manner with their secret arts.",Torah::Exodus::Vaera Type::AutoCloze
JPS1917|Exodus 7:12|c1,Exodus 7:12,Vaera,"For they cast down every man his rod, and they became serpents; but {{c1::Aaron’s}} rod swallowed up their rods.",Torah::Exodus::Vaera Type::AutoCloze
JPS1917|Exodus 7:12|c2,Exodus 7:12,Vaera,"For they cast down every man his rod, and they {{c1::became}} serpents; but Aaron’s rod swallowed up their rods.",Torah::Exodus::Vaera Type::AutoCloze
JPS1917|Exodus 7:13|c1,Exodus 7:13,Vaera,"And {{c1::Pharaoh’s}} heart was hardened, and he hearkened not unto them; as the LORD had spoken.",Torah::Exodus::Vaera Type::AutoCloze
JPS1917|Exodus 7:13|c2,Exodus 7:13,Vaera,"And Pharaoh’s heart was {{c1::hardened}}, and he hearkened not unto them; as the LORD had spoken.",Torah::Exodus::Vaera Type::AutoCloze
JPS1917|Exodus 7:14|c1,Exodus 7:14,Vaera,"And the LORD said unto {{c1::Moses}}: ‘Pharaoh’s heart is stubborn, he refuseth to let the people go.",Torah::Exodus::Vaera Type::AutoCloze
JPS1917|Exodus 7:14|c2,Exodus 7:14,Vaera,"And the LORD said unto Moses: ‘{{c1::Pharaoh’s}} heart is stubborn, he refuseth to let the people go.",Torah::Exodus::Vaera Type::AutoCloze
JPS1917|Exodus 7:15|c1,Exodus 7:15,Vaera,"Get thee unto {{c1::Pharaoh}} in the morning; lo, he goeth out unto the water; and thou shalt stand by the river’s brink to meet him; and the rod which was turned to a serpent shalt thou take in thy hand.",Torah::Exodus::Vaera Type::AutoCloze
JPS1917|Exodus 7:15|c2,Exodus 7:15,Vaera,"Get thee unto Pharaoh in the {{c1::morning}}; lo, he goeth out unto the water; and thou shalt stand by the river’s brink to meet him; and the rod which was turned to a serpent shalt thou take in thy hand.",Torah::Exodus::Vaera Type::AutoCloze
JPS1917|Exodus 7:16|c1,Exodus 7:16,Vaera,"And thou shalt say unto him: The LORD, the God of the {{c1::Hebrews}}, hath sent me unto thee, saying: Let My people go, that they may serve Me in the wilderness; and, behold, hitherto thou hast not hearkened;",Torah::Exodus::Vaera Type::AutoCloze
JPS1917|Exodus 7:16|c2,Exodus 7:16,Vaera,"And thou shalt say unto him: The LORD, the God of the Hebrews, hath sent me unto thee, saying: {{c1::Let}} My people go, that they may serve Me in the wilderness; and, behold, hitherto thou hast not hearkened;",Torah::Exodus::Vaera Type::AutoCloze
JPS1917|Exodus 7:17|c1,Exodus 7:17,Vaera,"thus saith the LORD: In this thou shalt know that {{c1::I}} am the LORD—behold, I will smite with the rod that is in my hand upon the waters which are in the river, and they shall be turned to blood.",Torah::Exodus::Vaera Type::AutoCloze
JPS1917|Exodus 7:17|c2,Exodus 7:17,Vaera,"thus saith the LORD: In this thou shalt know that I am the LORD—{{c1::behold}}, I will smite with the rod that is in my hand upon the waters which are in the river, and they shall be turned to blood.",Torah::Exodus::Vaera Type::AutoCloze
JPS1917|Exodus 7:18|c1,Exodus 7:18,Vaera,"And the fish that are in the river shall die, and the river shall become foul; and the {{c1::Egyptians}} shall loathe to drink water from the river.’",Torah::Exodus::Vaera Type::AutoCloze
JPS1917|Exodus 7:18|c2,Exodus 7:18,Vaera,"And the fish that are in the river shall die, and the river shall {{c1::become}} foul; and the Egyptians shall loathe to drink water from the river.’",Torah::Exodus::Vaera Type::AutoCloze
JPS1917|Exodus 7:19|c1,Exodus 7:19,Vaera,"And the LORD said unto {{c1::Moses}}: ‘Say unto Aaron: Take thy rod, and stretch out thy hand over the waters of Egypt, over their rivers, over their streams, and over their pools, and over all their ponds of water, that they may become blood; and there shall be blood throughout all the land of Egypt, both in vessels of wood and in vessels of stone.’",Torah::Exodus::Vaera Type::AutoCloze
JPS1917|Exodus 7:19|c2,Exodus 7:19,Vaera,"And the LORD said unto Moses: ‘{{c1::Say}} unto Aaron: Take thy rod, and stretch out thy hand over the waters of Egypt, over their rivers, over their streams, and over their pools, and over all their ponds of water, that they may become blood; and there shall be blood throughout all the land of Egypt, both in vessels of wood and in vessels of stone.’",Torah::Exodus::Vaera Type::AutoCloze
JPS1917|Exodus 7:20|c1,Exodus 7:20,Vaera,"And {{c1::Moses}} and Aaron did so, as the LORD commanded; and he lifted up the rod, and smote the waters that were in the river, in the sight of Pharaoh, and in the sight of his servants; and all the waters that were in the river were turned to blood.",Torah::Exodus::Vaera Type::AutoCloze
JPS1917|Exodus 7:20|c2,Exodus 7:20,Vaera,"And Moses and {{c1::Aaron}} did so, as the LORD commanded; and he lifted up the rod, and smote the waters that were in the river, in the sight of Pharaoh, and in the sight of his servants; and all the waters that were in the river were turned to blood.",Torah::Exodus::Vaera Type::AutoCloze
JPS1917|Exodus 7:21|c1,Exodus 7:21,Vaera,"And the fish that were in the river died; and the river became foul, and the {{c1::Egyptians}} could not drink water from the river; and the blood was throughout all the land of Egypt.",Torah::Exodus::Vaera Type::AutoCloze
JPS1917|Exodus 7:21|c2,Exodus 7:21,Vaera,"And the fish that were in the river died; and the river became foul, and the Egyptians could not drink water from the river; and the blood was throughout all the land of {{c1::Egypt}}.",Torah::Exodus::Vaera Type::AutoCloze
JPS1917|Exodus 7:22|c1,Exodus 7:22,Vaera,"And the magicians of {{c1::Egypt}} did in like manner with their secret arts; and Pharaoh’s heart was hardened, and he hearkened not unto them; as the LORD had spoken.",Torah::Exodus::Vaera Type::AutoCloze
JPS1917|Exodus 7:22|c2,Exodus 7:22,Vaera,"And the magicians of Egypt did in like manner with their secret arts; and {{c1::Pharaoh’s}} heart was hardened, and he hearkened not unto them; as the LORD had spoken.",Torah::Exodus::Vaera Type::AutoCloze
JPS1917|Exodus 7:23|c1,Exodus 7:23,Vaera,"And {{c1::Pharaoh}} turned and went into his house, neither did he lay even this to heart.",Torah::Exodus::Vaera Type::AutoCloze
JPS1917|Exodus 7:23|c2,Exodus 7:23,Vaera,"And Pharaoh {{c1::turned}} and went into his house, neither did he lay even this to heart.",Torah::Exodus::Vaera Type::AutoCloze
JPS1917|Exodus 7:24|c1,Exodus 7:24,Vaera,And all the {{c1::Egyptians}} digged round about the river for water to drink; for they could not drink of the water of the river.,Torah::Exodus::Vaera Type::AutoCloze
JPS1917|Exodus 7:24|c2,Exodus 7:24,Vaera,And all the Egyptians {{c1::digged}} round about the river for water to drink; for they could not drink of the water of the river.,Torah::Exodus::Vaera Type::AutoCloze
JPS1917|Exodus 7:25|c1,Exodus 7:25,Vaera,"And seven days were {{c1::fulfilled}}, after that the LORD had smitten the river.",Torah::Exodus::Vaera Type::AutoCloze
JPS1917|Exodus 7:25|c2,Exodus 7:25,Vaera,"And seven days were fulfilled, after that the LORD had {{c1::smitten}} the river.",Torah::Exodus::Vaera Type::AutoCloze
JPS1917|Exodus 7:26|c1,Exodus 7:26,Vaera,"And the LORD spoke unto {{c1::Moses}}: ‘Go in unto Pharaoh, and say unto him: Thus saith the LORD: Let My people go, that they may serve Me.",Torah::Exodus::Vaera Type::AutoCloze
JPS1917|Exodus 7:26|c2,Exodus 7:26,Vaera,"And the LORD spoke unto Moses: ‘{{c1::Go}} in unto Pharaoh, and say unto him: Thus saith the LORD: Let My people go, that they may serve Me.",Torah::Exodus::Vaera Type::AutoCloze
JPS1917|Exodus 7:27|c1,Exodus 7:27,Vaera,"And if thou refuse to let them go, behold, {{c1::I}} will smite all thy borders with frogs.",Torah::Exodus::Vaera Type::AutoCloze
JPS1917|Exodus 7:27|c2,Exodus 7:27,Vaera,"And if thou {{c1::refuse}} to let them go, behold, I will smite all thy borders with frogs.",Torah::Exodus::Vaera Type::AutoCloze
JPS1917|Exodus 7:28|c1,Exodus 7:28,Vaera,"And the river shall swarm with frogs, which shall go up and come into thy house, and into thy bed-{{c1::chamber}}, and upon thy bed, and into the house of thy servants, and upon thy people, and into thine ovens, and into thy kneading-troughs.",Torah::Exodus::Vaera Type::AutoCloze
JPS1917|Exodus 7:28|c2,Exodus 7:28,Vaera,"And the river shall swarm with frogs, which shall go up and come into thy house, and into thy bed-chamber, and upon thy bed, and into the house of thy {{c1::servants}}, and upon thy people, and into thine ovens, and into thy kneading-troughs.",Torah::Exodus::Vaera Type::AutoCloze
JPS1917|Exodus 7:29|c1,Exodus 7:29,Vaera,"And the frogs shall come up both upon thee, and upon thy {{c1::people}}, and upon all thy servants.’",Torah::Exodus::Vaera Type::AutoCloze
JPS1917|Exodus 7:29|c2,Exodus 7:29,Vaera,"And the frogs shall come up both upon thee, and upon thy people, and upon all thy {{c1::servants}}.’",Torah::Exodus::Vaera Type::AutoCloze
JPS1917|Exodus 8:1|c1,Exodus 8:1,Vaera,"And the LORD said unto {{c1::Moses}}: ‘Say unto Aaron: Stretch forth thy hand with thy rod over the rivers, over the canals, and over the pools, and cause frogs to come up upon the land of Egypt.’",Torah::Exodus::Vaera Type::AutoCloze
JPS1917|Exodus 8:1|c2,Exodus 8:1,Vaera,"And the LORD said unto Moses: ‘{{c1::Say}} unto Aaron: Stretch forth thy hand with thy rod over the rivers, over the canals, and over the pools, and cause frogs to come up upon the land of Egypt.’",Torah::Exodus::Vaera Type::AutoCloze
JPS1917|Exodus 8:2|c1,Exodus 8:2,Vaera,"And {{c1::Aaron}} stretched out his hand over the waters of Egypt; and the frogs came up, and covered the land of Egypt.",Torah::Exodus::Vaera Type::AutoCloze
JPS1917|Exodus 8:2|c2,Exodus 8:2,Vaera,"And Aaron stretched out his hand over the waters of {{c1::Egypt}}; and the frogs came up, and covered the land of Egypt.",Torah::Exodus::Vaera Type::AutoCloze
JPS1917|Exodus 8:3|c1,Exodus 8:3,Vaera,"And the magicians did in like manner with their secret arts, and brought up frogs upon the land of {{c1::Egypt}}.",Torah::Exodus::Vaera Type::AutoCloze
JPS1917|Exodus 8:3|c2,Exodus 8:3,Vaera,"And the {{c1::magicians}} did in like manner with their secret arts, and brought up frogs upon the land of Egypt.",Torah::Exodus::Vaera Type::AutoCloze
JPS1917|Exodus 8:4|c1,Exodus 8:4,Vaera,"Then {{c1::Pharaoh}} called for Moses and Aaron, and said: ‘Entreat the LORD, that He take away the frogs from me, and from my people; and I will let the people go, that they may sacrifice unto the LORD.’",Torah::Exodus::Vaera Type::AutoCloze
JPS1917|Exodus 8:4|c2,Exodus 8:4,Vaera,"Then Pharaoh called for {{c1::Moses}} and Aaron, and said: ‘Entreat the LORD, that He take away the frogs from me, and from my people; and I will let the people go, that they may sacrifice unto the LORD.’",Torah::Exodus::Vaera Type::AutoCloze
JPS1917|Exodus 8:5|c1,Exodus 8:5,Vaera,"And {{c1::Moses}} said unto Pharaoh: ‘Have thou this glory over me; against what time shall I entreat for thee, and for thy servants, and for thy people, that the frogs be destroyed from thee and thy houses, and remain in the river only?’",Torah::Exodus::Vaera Type::AutoCloze
JPS1917|Exodus 8:5|c2,Exodus 8:5,Vaera,"And Moses said unto {{c1::Pharaoh}}: ‘Have thou this glory over me; against what time shall I entreat for thee, and for thy servants, and for thy people, that the frogs be destroyed from thee and thy houses, and remain in the river only?’",Torah::Exodus::Vaera Type::AutoCloze
JPS1917|Exodus 8:6|c1,Exodus 8:6,Vaera,And he said: ‘{{c1::Against}} to-morrow.’ And he said: ‘Be it according to thy word; that thou mayest know that there is none like unto the LORD our God.,Torah::Exodus::Vaera Type::AutoCloze
JPS1917|Exodus 8:6|c2,Exodus 8:6,Vaera,And he said: ‘Against to-{{c1::morrow}}.’ And he said: ‘Be it according to thy word; that thou mayest know that there is none like unto the LORD our God.,Torah::Exodus::Vaera Type::AutoCloze
JPS1917|Exodus 8:7|c1,Exodus 8:7,Vaera,"And the frogs shall {{c1::depart}} from thee, and from thy houses, and from thy servants, and from thy people; they shall remain in the river only.’",Torah::Exodus::Vaera Type::AutoCloze
JPS1917|Exodus 8:7|c2,Exodus 8:7,Vaera,"And the frogs shall depart from thee, and from thy {{c1::houses}}, and from thy servants, and from thy people; they shall remain in the river only.’",Torah::Exodus::Vaera Type::AutoCloze
JPS1917|Exodus 8:8|c1,Exodus 8:8,Vaera,"And {{c1::Moses}} and Aaron went out from Pharaoh; and Moses cried unto the LORD concerning the frogs, which He had brought upon Pharaoh.",Torah::Exodus::Vaera Type::AutoCloze
JPS1917|Exodus 8:8|c2,Exodus 8:8,Vaera,"And Moses and {{c1::Aaron}} went out from Pharaoh; and Moses cried unto the LORD concerning the frogs, which He had brought upon Pharaoh.",Torah::Exodus::Vaera Type::AutoCloze
JPS1917|Exodus 8:9|c1,Exodus 8:9,Vaera,"And the LORD did according to the word of {{c1::Moses}}; and the frogs died out of the houses, out of the courts, and out of the fields.",Torah::Exodus::Vaera Type::AutoCloze
JPS1917|Exodus 8:9|c2,Exodus 8:9,Vaera,"And the LORD did {{c1::according}} to the word of Moses; and the frogs died out of the houses, out of the courts, and out of the fields.",Torah::Exodus::Vaera Type::AutoCloze
JPS1917|Exodus 8:10|c1,Exodus 8:10,Vaera,And they {{c1::gathered}} them together in heaps; and the land stank.,Torah::Exodus::Vaera Type::AutoCloze
JPS1917|Exodus 8:10|c2,Exodus 8:10,Vaera,And they gathered them {{c1::together}} in heaps; and the land stank.,Torah::Exodus::Vaera Type::AutoCloze
JPS1917|Exodus 8:11|c1,Exodus 8:11,Vaera,"But when {{c1::Pharaoh}} saw that there was respite, he hardened his heart, and hearkened not unto them; as the LORD had spoken.",Torah::Exodus::Vaera Type::AutoCloze
JPS1917|Exodus 8:11|c2,Exodus 8:11,Vaera,"But when Pharaoh saw that there was {{c1::respite}}, he hardened his heart, and hearkened not unto them; as the LORD had spoken.",Torah::Exodus::Vaera Type::AutoCloze
JPS1917|Exodus 8:12|c1,Exodus 8:12,Vaera,"And the LORD said unto {{c1::Moses}}: ‘Say unto Aaron: Stretch out thy rod, and smite the dust of the earth, that it may become gnats throughout all the land of Egypt.’",Torah::Exodus::Vaera Type::AutoCloze
JPS1917|Exodus 8:12|c2,Exodus 8:12,Vaera,"And the LORD said unto Moses: ‘{{c1::Say}} unto Aaron: Stretch out thy rod, and smite the dust of the earth, that it may become gnats throughout all the land of Egypt.’",Torah::Exodus::Vaera Type::AutoCloze
JPS1917|Exodus 8:13|c1,Exodus 8:13,Vaera,"And they did so; and {{c1::Aaron}} stretched out his hand with his rod, and smote the dust of the earth, and there were gnats upon man, and upon beast; all the dust of the earth became gnats throughout all the land of Egypt.",Torah::Exodus::Vaera Type::AutoCloze
JPS1917|Exodus 8:13|c2,Exodus 8:13,Vaera,"And they did so; and Aaron stretched out his hand with his rod, and smote the dust of the earth, and there were gnats upon man, and upon beast; all the dust of the earth became gnats throughout all the land of {{c1::Egypt}}.",Torah::Exodus::Vaera Type::AutoCloze
JPS1917|Exodus 8:14|c1,Exodus 8:14,Vaera,"And the {{c1::magicians}} did so with their secret arts to bring forth gnats, but they could not; and there were gnats upon man, and upon beast.",Torah::Exodus::Vaera Type::AutoCloze
JPS1917|Exodus 8:14|c2,Exodus 8:14,Vaera,"And the magicians did so with their {{c1::secret}} arts to bring forth gnats, but they could not; and there were gnats upon man, and upon beast.",Torah::Exodus::Vaera Type::AutoCloze
JPS1917|Exodus 8:15|c1,Exodus 8:15,Vaera,"Then the magicians said unto {{c1::Pharaoh}}: ‘This is the finger of God’; and Pharaoh’s heart was hardened, and he hearkened not unto them; as the LORD had spoken.",Torah::Exodus::Vaera Type::AutoCloze
JPS1917|Exodus 8:15|c2,Exodus 8:15,Vaera,"Then the magicians said unto Pharaoh: ‘{{c1::This}} is the finger of God’; and Pharaoh’s heart was hardened, and he hearkened not unto them; as the LORD had spoken.",Torah::Exodus::Vaera Type::AutoCloze
JPS1917|Exodus 8:16|c1,Exodus 8:16,Vaera,"And the LORD said unto {{c1::Moses}}: ‘Rise up early in the morning, and stand before Pharaoh; lo, he cometh forth to the water; and say unto him: Thus saith the LORD: Let My people go, that they may serve Me.",Torah::Exodus::Vaera Type::AutoCloze
JPS1917|Exodus 8:16|c2,Exodus 8:16,Vaera,"And the LORD said unto Moses: ‘{{c1::Rise}} up early in the morning, and stand before Pharaoh; lo, he cometh forth to the water; and say unto him: Thus saith the LORD: Let My people go, that they may serve Me.",Torah::Exodus::Vaera Type::AutoCloze
JPS1917|Exodus 8:17|c1,Exodus 8:17,Vaera,"Else, if thou wilt not let {{c1::My}} people go, behold, I will send swarms of flies upon thee, and upon thy servants, and upon thy people, and into thy houses; and the houses of the Egyptians shall be full of swarms of flies, and also the ground whereon they are.",Torah::Exodus::Vaera Type::AutoCloze
JPS1917|Exodus 8:17|c2,Exodus 8:17,Vaera,"Else, if thou wilt not let My people go, behold, {{c1::I}} will send swarms of flies upon thee, and upon thy servants, and upon thy people, and into thy houses; and the houses of the Egyptians shall be full of swarms of flies, and also the ground whereon they are.",Torah::Exodus::Vaera Type::AutoCloze
JPS1917|Exodus 8:18|c1,Exodus 8:18,Vaera,"And {{c1::I}} will set apart in that day the land of Goshen, in which My people dwell, that no swarms of flies shall be there; to the end that thou mayest know that I am the LORD in the midst of the earth.",Torah::Exodus::Vaera Type::AutoCloze
JPS1917|Exodus 8:18|c2,Exodus 8:18,Vaera,"And I will set apart in that day the land of {{c1::Goshen}}, in which My people dwell, that no swarms of flies shall be there; to the end that thou mayest know that I am the LORD in the midst of the earth.",Torah::Exodus::Vaera Type::AutoCloze
JPS1917|Exodus 8:19|c1,Exodus 8:19,Vaera,And {{c1::I}} will put a division between My people and thy people—by to-morrow shall this sign be.’,Torah::Exodus::Vaera Type::AutoCloze
JPS1917|Exodus 8:19|c2,Exodus 8:19,Vaera,And I will put a division between {{c1::My}} people and thy people—by to-morrow shall this sign be.’,Torah::Exodus::Vaera Type::AutoCloze
JPS1917|Exodus 8:20|c1,Exodus 8:20,Vaera,"And the LORD did so; and there came grievous swarms of flies into the house of {{c1::Pharaoh}}, and into his servants’houses; and in all the land of Egypt the land was ruined by reason of the swarms of flies.",Torah::Exodus::Vaera Type::AutoCloze
JPS1917|Exodus 8:20|c2,Exodus 8:20,Vaera,"And the LORD did so; and there came grievous swarms of flies into the house of Pharaoh, and into his servants’houses; and in all the land of {{c1::Egypt}} the land was ruined by reason of the swarms of flies.",Torah::Exodus::Vaera Type::AutoCloze
JPS1917|Exodus 8:21|c1,Exodus 8:21,Vaera,"And {{c1::Pharaoh}} called for Moses and for Aaron, and said: ‘Go ye, sacrifice to your God in the land.’",Torah::Exodus::Vaera Type::AutoCloze
JPS1917|Exodus 8:21|c2,Exodus 8:21,Vaera,"And Pharaoh called for {{c1::Moses}} and for Aaron, and said: ‘Go ye, sacrifice to your God in the land.’",Torah::Exodus::Vaera Type::AutoCloze
JPS1917|Exodus 8:22|c1,Exodus 8:22,Vaera,"And {{c1::Moses}} said: ‘It is not meet so to do; for we shall sacrifice the abomination of the Egyptians to the LORD our God; lo, if we sacrifice the abomination of the Egyptians before their eyes, will they not stone us?",Torah::Exodus::Vaera Type::AutoCloze
JPS1917|Exodus 8:22|c2,Exodus 8:22,Vaera,"And Moses said: ‘{{c1::It}} is not meet so to do; for we shall sacrifice the abomination of the Egyptians to the LORD our God; lo, if we sacrifice the abomination of the Egyptians before their eyes, will they not stone us?",Torah::Exodus::Vaera Type::AutoCloze
JPS1917|Exodus 8:23|c1,Exodus 8:23,Vaera,"We will go three days’journey into the wilderness, and sacrifice to the LORD our God, as {{c1::He}} shall command us.’",Torah::Exodus::Vaera Type::AutoCloze
JPS1917|Exodus 8:23|c2,Exodus 8:23,Vaera,"We will go three {{c1::days’journey}} into the wilderness, and sacrifice to the LORD our God, as He shall command us.’",Torah::Exodus::Vaera Type::AutoCloze
JPS1917|Exodus 8:24|c1,Exodus 8:24,Vaera,"And {{c1::Pharaoh}} said: ‘I will let you go, that ye may sacrifice to the LORD your God in the wilderness; only ye shall not go very far away; entreat for me.’",Torah::Exodus::Vaera Type::AutoCloze
JPS1917|Exodus 8:24|c2,Exodus 8:24,Vaera,"And Pharaoh said: ‘{{c1::I}} will let you go, that ye may sacrifice to the LORD your God in the wilderness; only ye shall not go very far away; entreat for me.’",Torah::Exodus::Vaera Type::AutoCloze
JPS1917|Exodus 8:25|c1,Exodus 8:25,Vaera,"And {{c1::Moses}} said: ‘Behold, I go out from thee, and I will entreat the LORD that the swarms of flies may depart from Pharaoh, from his servants, and from his people, tomorrow; only let not Pharaoh deal deceitfully any more in not letting the people go to sacrifice to the LORD.’",Torah::Exodus::Vaera Type::AutoCloze
JPS1917|Exodus 8:25|c2,Exodus 8:25,Vaera,"And Moses said: ‘{{c1::Behold}}, I go out from thee, and I will entreat the LORD that the swarms of flies may depart from Pharaoh, from his servants, and from his people, tomorrow; only let not Pharaoh deal deceitfully any more in not letting the people go to sacrifice to the LORD.’",Torah::Exodus::Vaera Type::AutoCloze
JPS1917|Exodus 8:26|c1,Exodus 8:26,Vaera,"And {{c1::Moses}} went out from Pharaoh, and entreated the LORD.",Torah::Exodus::Vaera Type::AutoCloze
JPS1917|Exodus 8:26|c2,Exodus 8:26,Vaera,"And Moses went out from {{c1::Pharaoh}}, and entreated the LORD.",Torah::Exodus::Vaera Type::AutoCloze
JPS1917|Exodus 8:27|c1,Exodus 8:27,Vaera,"And the LORD did according to the word of {{c1::Moses}}; and He removed the swarms of flies from Pharaoh, from his servants, and from his people; there remained not one.",Torah::Exodus::Vaera Type::AutoCloze
JPS1917|Exodus 8:27|c2,Exodus 8:27,Vaera,"And the LORD did according to the word of Moses; and {{c1::He}} removed the swarms of flies from Pharaoh, from his servants, and from his people; there remained not one.",Torah::Exodus::Vaera Type::AutoCloze
JPS1917|Exodus 8:28|c1,Exodus 8:28,Vaera,"And {{c1::Pharaoh}} hardened his heart this time also, and he did not let the people go.",Torah::Exodus::Vaera Type::AutoCloze
JPS1917|Exodus 8:28|c2,Exodus 8:28,Vaera,"And Pharaoh {{c1::hardened}} his heart this time also, and he did not let the people go.",Torah::Exodus::Vaera Type::AutoCloze
JPS1917|Exodus 9:1|c1,Exodus 9:1,Vaera,"Then the LORD said unto {{c1::Moses}}: ‘Go in unto Pharaoh, and tell him: Thus saith the LORD, the God of the Hebrews: Let My people go, that they may serve Me.",Torah::Exodus::Vaera Type::AutoCloze
JPS1917|Exodus 9:1|c2,Exodus 9:1,Vaera,"Then the LORD said unto Moses: ‘{{c1::Go}} in unto Pharaoh, and tell him: Thus saith the LORD, the God of the Hebrews: Let My people go, that they may serve Me.",Torah::Exodus::Vaera Type::AutoCloze
JPS1917|Exodus 9:2|c1,Exodus 9:2,Vaera,"For if thou {{c1::refuse}} to let them go, and wilt hold them still,",Torah::Exodus::Vaera Type::AutoCloze
JPS1917|Exodus 9:3|c1,Exodus 9:3,Vaera,"{{c1::behold}}, the hand of the LORD is upon thy cattle which are in the field, upon the horses, upon the asses, upon the camels, upon the herds, and upon the flocks; there shall be a very grievous murrain.",Torah::Exodus::Vaera Type::AutoCloze
JPS1917|Exodus 9:3|c2,Exodus 9:3,Vaera,"behold, the hand of the LORD is upon thy {{c1::cattle}} which are in the field, upon the horses, upon the asses, upon the camels, upon the herds, and upon the flocks; there shall be a very grievous murrain.",Torah::Exodus::Vaera Type::AutoCloze
JPS1917|Exodus 9:4|c1,Exodus 9:4,Vaera,And the LORD shall make a division between the cattle of {{c1::Israel}} and the cattle of Egypt; and there shall nothing die of all that belongeth to the children of Israel.’,Torah::Exodus::Vaera Type::AutoCloze
JPS1917|Exodus 9:4|c2,Exodus 9:4,Vaera,And the LORD shall make a division between the cattle of Israel and the cattle of {{c1::Egypt}}; and there shall nothing die of all that belongeth to the children of Israel.’,Torah::Exodus::Vaera Type::AutoCloze
JPS1917|Exodus 9:5|c1,Exodus 9:5,Vaera,"And the LORD appointed a set time, saying: ‘{{c1::Tomorrow}} the LORD shall do this thing in the land.’",Torah::Exodus::Vaera Type::AutoCloze
JPS1917|Exodus 9:5|c2,Exodus 9:5,Vaera,"And the LORD {{c1::appointed}} a set time, saying: ‘Tomorrow the LORD shall do this thing in the land.’",Torah::Exodus::Vaera Type::AutoCloze
JPS1917|Exodus 9:6|c1,Exodus 9:6,Vaera,"And the LORD did that thing on the morrow, and all the cattle of {{c1::Egypt}} died; but of the cattle of the children of Israel died not one.",Torah::Exodus::Vaera Type::AutoCloze
JPS1917|Exodus 9:6|c2,Exodus 9:6,Vaera,"And the LORD did that thing on the morrow, and all the cattle of Egypt died; but of the cattle of the children of {{c1::Israel}} died not one.",Torah::Exodus::Vaera Type::AutoCloze
JPS1917|Exodus 9:7|c1,Exodus 9:7,Vaera,"And {{c1::Pharaoh}} sent, and, behold, there was not so much as one of the cattle of the Israelites dead. But the heart of Pharaoh was stubborn, and he did not let the people go.",Torah::Exodus::Vaera Type::AutoCloze
JPS1917|Exodus 9:7|c2,Exodus 9:7,Vaera,"And Pharaoh sent, and, behold, there was not so much as one of the cattle of the {{c1::Israelites}} dead. But the heart of Pharaoh was stubborn, and he did not let the people go.",Torah::Exodus::Vaera Type::AutoCloze
JPS1917|Exodus 9:8|c1,Exodus 9:8,Vaera,"And the LORD said unto {{c1::Moses}} and unto Aaron: ‘Take to you handfuls of soot of the furnace, and let Moses throw it heavenward in the sight of Pharaoh.",Torah::Exodus::Vaera Type::AutoCloze
JPS1917|Exodus 9:8|c2,Exodus 9:8,Vaera,"And the LORD said unto Moses and unto {{c1::Aaron}}: ‘Take to you handfuls of soot of the furnace, and let Moses throw it heavenward in the sight of Pharaoh.",Torah::Exodus::Vaera Type::AutoCloze
JPS1917|Exodus 9:9|c1,Exodus 9:9,Vaera,"And it shall become small dust over all the land of {{c1::Egypt}}, and shall be a boil breaking forth with blains upon man and upon beast, throughout all the land of Egypt.’",Torah::Exodus::Vaera Type::AutoCloze
JPS1917|Exodus 9:9|c2,Exodus 9:9,Vaera,"And it shall {{c1::become}} small dust over all the land of Egypt, and shall be a boil breaking forth with blains upon man and upon beast, throughout all the land of Egypt.’",Torah::Exodus::Vaera Type::AutoCloze
JPS1917|Exodus 9:10|c1,Exodus 9:10,Vaera,"And they took soot of the furnace, and stood before {{c1::Pharaoh}}; and Moses threw it up heavenward; and it became a boil breaking forth with blains upon man and upon beast.",Torah::Exodus::Vaera Type::AutoCloze
JPS1917|Exodus 9:10|c2,Exodus 9:10,Vaera,"And they took soot of the furnace, and stood before Pharaoh; and {{c1::Moses}} threw it up heavenward; and it became a boil breaking forth with blains upon man and upon beast.",Torah::Exodus::Vaera Type::AutoCloze
JPS1917|Exodus 9:11|c1,Exodus 9:11,Vaera,"And the magicians could not stand before {{c1::Moses}} because of the boils; for the boils were upon the magicians, and upon all the Egyptians.",Torah::Exodus::Vaera Type::AutoCloze
JPS1917|Exodus 9:11|c2,Exodus 9:11,Vaera,"And the magicians could not stand before Moses because of the boils; for the boils were upon the magicians, and upon all the {{c1::Egyptians}}.",Torah::Exodus::Vaera Type::AutoCloze
JPS1917|Exodus 9:12|c1,Exodus 9:12,Vaera,"And the LORD hardened the heart of {{c1::Pharaoh}}, and he hearkened not unto them; as the LORD had spoken unto Moses.",Torah::Exodus::Vaera Type::AutoCloze
JPS1917|Exodus 9:12|c2,Exodus 9:12,Vaera,"And the LORD hardened the heart of Pharaoh, and he hearkened not unto them; as the LORD had spoken unto {{c1::Moses}}.",Torah::Exodus::Vaera Type::AutoCloze
JPS1917|Exodus 9:13|c1,Exodus 9:13,Vaera,"And the LORD said unto {{c1::Moses}}: ‘Rise up early in the morning, and stand before Pharaoh, and say unto him: Thus saith the LORD, the God of the Hebrews: Let My people go, that they may serve Me.",Torah::Exodus::Vaera Type::AutoCloze
JPS1917|Exodus 9:13|c2,Exodus 9:13,Vaera,"And the LORD said unto Moses: ‘{{c1::Rise}} up early in the morning, and stand before Pharaoh, and say unto him: Thus saith the LORD, the God of the Hebrews: Let My people go, that they may serve Me.",Torah::Exodus::Vaera Type::AutoCloze
JPS1917|Exodus 9:14|c1,Exodus 9:14,Vaera,"For {{c1::I}} will this time send all My plagues upon thy person, and upon thy servants, and upon thy people; that thou mayest know that there is none like Me in all the earth.",Torah::Exodus::Vaera Type::AutoCloze
JPS1917|Exodus 9:14|c2,Exodus 9:14,Vaera,"For I will this time send all {{c1::My}} plagues upon thy person, and upon thy servants, and upon thy people; that thou mayest know that there is none like Me in all the earth.",Torah::Exodus::Vaera Type::AutoCloze
JPS1917|Exodus 9:15|c1,Exodus 9:15,Vaera,"Surely now {{c1::I}} had put forth My hand, and smitten thee and thy people with pestilence, and thou hadst been cut off from the earth.",Torah::Exodus::Vaera Type::AutoCloze
JPS1917|Exodus 9:15|c2,Exodus 9:15,Vaera,"Surely now I had put forth {{c1::My}} hand, and smitten thee and thy people with pestilence, and thou hadst been cut off from the earth.",Torah::Exodus::Vaera Type::AutoCloze
JPS1917|Exodus 9:16|c1,Exodus 9:16,Vaera,"But in very deed for this cause have {{c1::I}} made thee to stand, to show thee My power, and that My name may be declared throughout all the earth.",Torah::Exodus::Vaera Type::AutoCloze
JPS1917|Exodus 9:16|c2,Exodus 9:16,Vaera,"But in very deed for this cause have I made thee to stand, to show thee {{c1::My}} power, and that My name may be declared throughout all the earth.",Torah::Exodus::Vaera Type::AutoCloze
JPS1917|Exodus 9:17|c1,Exodus 9:17,Vaera,"As yet exaltest thou thyself against {{c1::My}} people, that thou wilt not let them go?",Torah::Exodus::Vaera Type::AutoCloze
JPS1917|Exodus 9:17|c2,Exodus 9:17,Vaera,"As yet {{c1::exaltest}} thou thyself against My people, that thou wilt not let them go?",Torah::Exodus::Vaera Type::AutoCloze
JPS1917|Exodus 9:18|c1,Exodus 9:18,Vaera,"Behold, tomorrow about this time {{c1::I}} will cause it to rain a very grievous hail, such as hath not been in Egypt since the day it was founded even until now.",Torah::Exodus::Vaera Type::AutoCloze
JPS1917|Exodus 9:18|c2,Exodus 9:18,Vaera,"Behold, tomorrow about this time I will cause it to rain a very grievous hail, such as hath not been in {{c1::Egypt}} since the day it was founded even until now.",Torah::Exodus::Vaera Type::AutoCloze
JPS1917|Exodus 9:19|c1,Exodus 9:19,Vaera,"Now {{c1::therefore}} send, hasten in thy cattle and all that thou hast in the field; for every man and beast that shall be found in the field, and shall not be brought home, the hail shall come down upon them, and they shall die.’",Torah::Exodus::Vaera Type::AutoCloze
JPS1917|Exodus 9:19|c2,Exodus 9:19,Vaera,"Now therefore send, {{c1::hasten}} in thy cattle and all that thou hast in the field; for every man and beast that shall be found in the field, and shall not be brought home, the hail shall come down upon them, and they shall die.’",Torah::Exodus::Vaera Type::AutoCloze
JPS1917|Exodus 9:20|c1,Exodus 9:20,Vaera,He that feared the word of the LORD among the servants of {{c1::Pharaoh}} made his servants and his cattle flee into the houses;,Torah::Exodus::Vaera Type::AutoCloze
JPS1917|Exodus 9:20|c2,Exodus 9:20,Vaera,He that {{c1::feared}} the word of the LORD among the servants of Pharaoh made his servants and his cattle flee into the houses;,Torah::Exodus::Vaera Type::AutoCloze
JPS1917|Exodus 9:21|c1,Exodus 9:21,Vaera,and he that {{c1::regarded}} not the word of the LORD left his servants and his cattle in the field.,Torah::Exodus::Vaera Type::AutoCloze
JPS1917|Exodus 9:21|c2,Exodus 9:21,Vaera,and he that regarded not the word of the LORD left his {{c1::servants}} and his cattle in the field.,Torah::Exodus::Vaera Type::AutoCloze
JPS1917|Exodus 9:22|c1,Exodus 9:22,Vaera,"And the LORD said unto {{c1::Moses}}: ‘Stretch forth thy hand toward heaven, that there may be hail in all the land of Egypt, upon man, and upon beast, and upon every herb of the field, throughout the land of Egypt.’",Torah::Exodus::Vaera Type::AutoCloze
JPS1917|Exodus 9:22|c2,Exodus 9:22,Vaera,"And the LORD said unto Moses: ‘{{c1::Stretch}} forth thy hand toward heaven, that there may be hail in all the land of Egypt, upon man, and upon beast, and upon every herb of the field, throughout the land of Egypt.’",Torah::Exodus::Vaera Type::AutoCloze
JPS1917|Exodus 9:23|c1,Exodus 9:23,Vaera,"And {{c1::Moses}} stretched forth his rod toward heaven; and the LORD sent thunder and hail, and fire ran down unto the earth; and the LORD caused to hail upon the land of Egypt.",Torah::Exodus::Vaera Type::AutoCloze
JPS1917|Exodus 9:23|c2,Exodus 9:23,Vaera,"And Moses stretched forth his rod toward heaven; and the LORD sent thunder and hail, and fire ran down unto the earth; and the LORD caused to hail upon the land of {{c1::Egypt}}.",Torah::Exodus::Vaera Type::AutoCloze
JPS1917|Exodus 9:24|c1,Exodus 9:24,Vaera,"So there was hail, and fire flashing up amidst the hail, very grievous, such as had not been in all the land of {{c1::Egypt}} since it became a nation.",Torah::Exodus::Vaera Type::AutoCloze
JPS1917|Exodus 9:24|c2,Exodus 9:24,Vaera,"So there was hail, and fire {{c1::flashing}} up amidst the hail, very grievous, such as had not been in all the land of Egypt since it became a nation.",Torah::Exodus::Vaera Type::AutoCloze
JPS1917|Exodus 9:25|c1,Exodus 9:25,Vaera,"And the hail smote throughout all the land of {{c1::Egypt}} all that was in the field, both man and beast; and the hail smote every herb of the field, and broke every tree of the field.",Torah::Exodus::Vaera Type::AutoCloze
JPS1917|Exodus 9:25|c2,Exodus 9:25,Vaera,"And the hail smote {{c1::throughout}} all the land of Egypt all that was in the field, both man and beast; and the hail smote every herb of the field, and broke every tree of the field.",Torah::Exodus::Vaera Type::AutoCloze
JPS1917|Exodus 9:26|c1,Exodus 9:26,Vaera,"Only in the land of {{c1::Goshen}}, where the children of Israel were, was there no hail.",Torah::Exodus::Vaera Type::AutoCloze
JPS1917|Exodus 9:26|c2,Exodus 9:26,Vaera,"Only in the land of Goshen, where the children of {{c1::Israel}} were, was there no hail.",Torah::Exodus::Vaera Type::AutoCloze
JPS1917|Exodus 9:27|c1,Exodus 9:27,Vaera,"And {{c1::Pharaoh}} sent, and called for Moses and Aaron, and said unto them: ‘I have sinned this time; the LORD is righteous, and I and my people are wicked.",Torah::Exodus::Vaera Type::AutoCloze
JPS1917|Exodus 9:27|c2,Exodus 9:27,Vaera,"And Pharaoh sent, and called for {{c1::Moses}} and Aaron, and said unto them: ‘I have sinned this time; the LORD is righteous, and I and my people are wicked.",Torah::Exodus::Vaera Type::AutoCloze
JPS1917|Exodus 9:28|c1,Exodus 9:28,Vaera,"Entreat the LORD, and let there be enough of these mighty thunderings and hail; and {{c1::I}} will let you go, and ye shall stay no longer.’",Torah::Exodus::Vaera Type::AutoCloze
JPS1917|Exodus 9:28|c2,Exodus 9:28,Vaera,"{{c1::Entreat}} the LORD, and let there be enough of these mighty thunderings and hail; and I will let you go, and ye shall stay no longer.’",Torah::Exodus::Vaera Type::AutoCloze
JPS1917|Exodus 9:29|c1,Exodus 9:29,Vaera,"And {{c1::Moses}} said unto him: ‘As soon as I am gone out of the city, I will spread forth my hands unto the LORD; the thunders shall cease, neither shall there be any more hail; that thou mayest know that the earth is the LORD’s.",Torah::Exodus::Vaera Type::AutoCloze
JPS1917|Exodus 9:29|c2,Exodus 9:29,Vaera,"And Moses said unto him: ‘As soon as {{c1::I}} am gone out of the city, I will spread forth my hands unto the LORD; the thunders shall cease, neither shall there be any more hail; that thou mayest know that the earth is the LORD’s.",Torah::Exodus::Vaera Type::AutoCloze
JPS1917|Exodus 9:30|c1,Exodus 9:30,Vaera,"But as for thee and thy servants, {{c1::I}} know that ye will not yet fear the LORD God.’—",Torah::Exodus::Vaera Type::AutoCloze
JPS1917|Exodus 9:30|c2,Exodus 9:30,Vaera,"But as for thee and thy {{c1::servants}}, I know that ye will not yet fear the LORD God.’—",Torah::Exodus::Vaera Type::AutoCloze
JPS1917|Exodus 9:31|c1,Exodus 9:31,Vaera,"And the flax and the {{c1::barley}} were smitten; for the barley was in the ear, and the flax was in bloom.",Torah::Exodus::Vaera Type::AutoCloze
JPS1917|Exodus 9:31|c2,Exodus 9:31,Vaera,"And the flax and the barley were {{c1::smitten}}; for the barley was in the ear, and the flax was in bloom.",Torah::Exodus::Vaera Type::AutoCloze
JPS1917|Exodus 9:32|c1,Exodus 9:32,Vaera,But the wheat and the spelt were not {{c1::smitten}}; for they ripen late.—,Torah::Exodus::Vaera Type::AutoCloze
JPS1917|Exodus 9:33|c1,Exodus 9:33,Vaera,"And {{c1::Moses}} went out of the city from Pharaoh, and spread forth his hands unto the LORD; and the thunders and hail ceased, and the rain was not poured upon the earth.",Torah::Exodus::Vaera Type::AutoCloze
JPS1917|Exodus 9:33|c2,Exodus 9:33,Vaera,"And Moses went out of the city from {{c1::Pharaoh}}, and spread forth his hands unto the LORD; and the thunders and hail ceased, and the rain was not poured upon the earth.",Torah::Exodus::Vaera Type::AutoCloze
JPS1917|Exodus 9:34|c1,Exodus 9:34,Vaera,"And when {{c1::Pharaoh}} saw that the rain and the hail and the thunders were ceased, he sinned yet more, and hardened his heart, he and his servants.",Torah::Exodus::Vaera Type::AutoCloze
JPS1917|Exodus 9:34|c2,Exodus 9:34,Vaera,"And when Pharaoh saw that the rain and the hail and the {{c1::thunders}} were ceased, he sinned yet more, and hardened his heart, he and his servants.",Torah::Exodus::Vaera Type::AutoCloze
JPS1917|Exodus 9:35|c1,Exodus 9:35,Vaera,"And the heart of {{c1::Pharaoh}} was hardened, and he did not let the children of Israel go; as the LORD had spoken by Moses.",Torah::Exodus::Vaera Type::AutoCloze
JPS1917|Exodus 9:35|c2,Exodus 9:35,Vaera,"And the heart of Pharaoh was hardened, and he did not let the children of {{c1::Israel}} go; as the LORD had spoken by Moses.",Torah::Exodus::Vaera Type::AutoCloze
